-- MySQL dump 10.13  Distrib 8.0.23, for Win64 (x86_64)
--
-- Host: localhost    Database: vk
-- ------------------------------------------------------
-- Server version	8.0.23

/*!40101 SET @OLD_CHARACTER_SET_CLIENT=@@CHARACTER_SET_CLIENT */;
/*!40101 SET @OLD_CHARACTER_SET_RESULTS=@@CHARACTER_SET_RESULTS */;
/*!40101 SET @OLD_COLLATION_CONNECTION=@@COLLATION_CONNECTION */;
/*!50503 SET NAMES utf8mb4 */;
/*!40103 SET @OLD_TIME_ZONE=@@TIME_ZONE */;
/*!40103 SET TIME_ZONE='+00:00' */;
/*!40014 SET @OLD_UNIQUE_CHECKS=@@UNIQUE_CHECKS, UNIQUE_CHECKS=0 */;
/*!40014 SET @OLD_FOREIGN_KEY_CHECKS=@@FOREIGN_KEY_CHECKS, FOREIGN_KEY_CHECKS=0 */;
/*!40101 SET @OLD_SQL_MODE=@@SQL_MODE, SQL_MODE='NO_AUTO_VALUE_ON_ZERO' */;
/*!40111 SET @OLD_SQL_NOTES=@@SQL_NOTES, SQL_NOTES=0 */;

--
-- Table structure for table `communities`
--

DROP TABLE IF EXISTS `communities`;
/*!40101 SET @saved_cs_client     = @@character_set_client */;
/*!50503 SET character_set_client = utf8mb4 */;
CREATE TABLE `communities` (
  `id` int unsigned NOT NULL AUTO_INCREMENT COMMENT '╨Ш╨┤╨╡╨╜╤В╨╕╤Д╨╕╨║╨░╤В╨╛╤А ╤Б╤А╨╛╨║╨╕',
  `name` varchar(150) CHARACTER SET utf8mb4 COLLATE utf8mb4_unicode_ci NOT NULL COMMENT '╨Э╨░╨╖╨▓╨░╨╜╨╕╨╡ ╨│╤А╤Г╨┐╨┐╤Л',
  `created_at` datetime DEFAULT CURRENT_TIMESTAMP COMMENT '╨Т╤А╨╡╨╝╤П ╤Б╨╛╨╖╨┤╨░╨╜╨╕╤П ╤Б╤В╤А╨╛╨║╨╕',
  `updated_at` datetime DEFAULT CURRENT_TIMESTAMP ON UPDATE CURRENT_TIMESTAMP COMMENT '╨Т╤А╨╡╨╝╤П ╨╛╨▒╨╜╨╛╨▓╨╗╨╡╨╜╨╕╤П ╤Б╤В╤А╨╛╨║╨╕',
  PRIMARY KEY (`id`),
  UNIQUE KEY `name` (`name`)
) ENGINE=InnoDB AUTO_INCREMENT=101 DEFAULT CHARSET=utf8mb4 COLLATE=utf8mb4_unicode_ci COMMENT='╨У╤А╤Г╨┐╨┐╤Л';
/*!40101 SET character_set_client = @saved_cs_client */;

--
-- Dumping data for table `communities`
--

LOCK TABLES `communities` WRITE;
/*!40000 ALTER TABLE `communities` DISABLE KEYS */;
INSERT INTO `communities` VALUES (1,'Temporibus aspernatur voluptatem ratione asperiores molestiae amet.','2017-10-06 21:51:06','2021-04-27 13:24:29'),(2,'Dolore officia voluptates omnis.','2016-03-05 01:03:27','2021-03-16 14:22:14'),(3,'Minima dignissimos accusantium vel voluptatem.','2012-09-19 16:02:35','2015-05-23 18:22:04'),(4,'Dicta autem aut voluptate quis.','2020-02-28 07:20:32','2021-04-27 13:24:29'),(5,'Nemo voluptatem dolor officia excepturi incidunt.','2013-07-10 01:48:44','2021-04-27 13:24:29'),(6,'Voluptas ipsa cupiditate ut reiciendis harum.','2014-09-14 23:34:12','2018-12-16 13:54:43'),(7,'In consequatur ea praesentium voluptas commodi sapiente.','2015-05-15 01:07:39','2019-01-07 10:44:13'),(8,'Occaecati reprehenderit voluptatum rerum itaque placeat.','2014-10-31 09:04:09','2021-04-27 13:24:29'),(9,'Aut sint commodi facere.','2012-02-21 02:49:56','2019-04-04 08:39:21'),(10,'Sint mollitia voluptate et porro.','2013-04-20 02:07:19','2020-12-15 00:56:07'),(11,'Deserunt voluptatum consequatur sit eos beatae eos et.','2017-05-14 15:14:54','2021-04-27 13:24:29'),(12,'Tempore repellendus tempore consectetur quaerat.','2020-10-12 08:24:11','2021-04-27 13:24:29'),(13,'Quae doloribus provident dolor nobis amet adipisci perferendis.','2015-05-29 14:01:04','2021-04-27 13:24:29'),(14,'Voluptates aut sapiente est sed.','2013-03-23 19:35:33','2014-05-05 13:04:00'),(15,'Est numquam eveniet quia rerum.','2019-09-13 05:48:01','2021-04-27 13:24:29'),(16,'Vero perspiciatis harum fugiat illum.','2018-03-10 21:27:39','2018-09-04 15:21:44'),(17,'Quisquam est deleniti consequatur cum quis in.','2020-05-25 08:13:26','2021-04-27 13:24:29'),(18,'Sed aspernatur molestiae sed nostrum aut sit.','2011-12-17 22:10:42','2014-10-20 23:36:11'),(19,'In ipsum sit vel molestiae ducimus accusantium ipsum.','2017-04-22 23:47:53','2021-04-27 13:24:29'),(20,'Mollitia earum autem accusantium perspiciatis et cumque voluptas ex.','2019-11-25 11:51:58','2021-04-27 13:24:29'),(21,'Repellendus nam incidunt et in rerum voluptates.','2016-11-23 22:39:03','2018-10-03 04:19:44'),(22,'Cupiditate corporis repudiandae mollitia quis.','2017-05-22 16:23:32','2021-04-27 13:24:29'),(23,'Reprehenderit molestias hic sit iste dolores facilis.','2014-05-21 04:53:21','2016-08-14 15:52:13'),(24,'Voluptate asperiores sit at eum et voluptate iusto.','2018-09-03 21:20:49','2021-04-27 13:24:29'),(25,'Ipsum aspernatur numquam id dolores nihil vel.','2014-10-29 16:31:08','2018-01-18 06:51:37'),(26,'Repudiandae assumenda similique error occaecati et et.','2019-10-07 20:01:57','2021-03-20 20:34:41'),(27,'Itaque velit enim minus nobis ut ipsa.','2015-05-27 10:20:47','2018-08-17 01:22:29'),(28,'Tenetur eaque et non aliquam neque cupiditate alias.','2017-04-11 14:55:22','2021-04-27 13:24:29'),(29,'Eos et placeat perspiciatis inventore autem aut.','2015-12-26 15:39:38','2021-04-27 13:24:29'),(30,'Voluptas expedita suscipit aut cupiditate mollitia placeat dolorem.','2018-05-04 13:40:57','2019-11-18 23:25:49');
/*!40000 ALTER TABLE `communities` ENABLE KEYS */;
UNLOCK TABLES;

--
-- Table structure for table `communities_users`
--

DROP TABLE IF EXISTS `communities_users`;
/*!40101 SET @saved_cs_client     = @@character_set_client */;
/*!50503 SET character_set_client = utf8mb4 */;
CREATE TABLE `communities_users` (
  `community_id` int unsigned NOT NULL COMMENT '╨б╤Б╤Л╨╗╨║╨░ ╨╜╨░ ╨│╤А╤Г╨┐╨┐╤Г',
  `user_id` int unsigned NOT NULL COMMENT '╨б╤Б╤Л╨╗╨║╨░ ╨╜╨░ ╨┐╨╛╨╗╤М╨╖╨╛╨▓╨░╤В╨╡╨╗╤П',
  `created_at` datetime DEFAULT CURRENT_TIMESTAMP COMMENT '╨Т╤А╨╡╨╝╤П ╤Б╨╛╨╖╨┤╨░╨╜╨╕╤П ╤Б╤В╤А╨╛╨║╨╕',
  PRIMARY KEY (`community_id`,`user_id`) COMMENT '╨б╨╛╤Б╤В╨░╨▓╨╜╨╛╨╣ ╨┐╨╡╤А╨▓╨╕╤З╨╜╤Л╨╣ ╨║╨╗╤О╤З'
) ENGINE=InnoDB DEFAULT CHARSET=utf8mb4 COLLATE=utf8mb4_unicode_ci COMMENT='╨г╤З╨░╤Б╤В╨╜╨╕╨║╨╕ ╨│╤А╤Г╨┐╨┐, ╤Б╨▓╤П╨╖╤М ╨╝╨╡╨╢╨┤╤Г ╨┐╨╛╨╗╤М╨╖╨╛╨▓╨░╤В╨╡╨╗╤П╨╝╨╕ ╨╕ ╨│╤А╤Г╨┐╨┐╨░╨╝╨╕';
/*!40101 SET character_set_client = @saved_cs_client */;

--
-- Dumping data for table `communities_users`
--

LOCK TABLES `communities_users` WRITE;
/*!40000 ALTER TABLE `communities_users` DISABLE KEYS */;
INSERT INTO `communities_users` VALUES (1,9,'2015-02-18 16:28:26'),(1,47,'2018-11-15 02:42:06'),(1,53,'2017-09-24 15:06:12'),(2,7,'2020-07-08 09:50:42'),(2,13,'2020-02-21 06:46:14'),(2,32,'2018-09-02 08:25:49'),(2,62,'2017-09-08 19:38:19'),(3,54,'2011-11-06 22:13:48'),(3,79,'2011-09-25 08:07:58'),(4,60,'2015-12-06 08:03:39'),(5,4,'2013-09-05 06:18:06'),(5,20,'2013-08-02 12:43:13'),(5,26,'2014-02-20 15:28:43'),(5,46,'2017-09-29 05:16:30'),(5,77,'2011-12-16 01:11:57'),(5,89,'2015-08-21 22:13:28'),(6,53,'2018-09-09 16:01:14'),(6,61,'2018-07-14 15:44:44'),(6,65,'2012-08-12 11:30:22'),(6,85,'2017-09-09 17:11:48'),(7,15,'2020-08-02 10:18:52'),(7,22,'2014-08-19 18:25:22'),(7,80,'2018-04-14 20:57:35'),(7,92,'2012-08-04 22:30:54'),(8,11,'2020-05-23 03:59:48'),(8,15,'2012-05-27 21:57:27'),(8,34,'2012-12-27 01:10:47'),(8,100,'2021-01-04 03:41:54'),(9,30,'2015-06-15 05:12:53'),(9,50,'2018-08-31 02:19:15'),(9,72,'2018-06-28 07:01:40'),(9,74,'2019-08-29 12:40:48'),(9,88,'2016-11-26 15:50:56'),(10,9,'2013-09-27 10:43:36'),(10,24,'2016-01-30 00:27:38'),(10,62,'2017-09-01 16:38:23'),(10,68,'2013-06-27 20:09:31'),(11,3,'2020-05-29 04:33:04'),(11,4,'2013-08-26 20:52:56'),(11,6,'2017-02-22 07:50:36'),(11,7,'2017-09-23 09:49:59'),(11,24,'2020-07-28 08:34:42'),(11,40,'2020-05-05 15:06:33'),(11,48,'2019-02-19 13:15:51'),(12,23,'2020-09-22 08:55:19'),(13,99,'2018-05-02 00:24:19'),(14,13,'2016-01-22 23:27:45'),(14,52,'2015-04-05 10:24:47'),(14,64,'2018-09-04 15:43:58'),(14,78,'2014-07-02 15:38:48'),(16,2,'2011-10-28 09:30:00'),(16,24,'2014-06-19 05:27:43'),(16,42,'2016-04-17 01:41:02'),(16,51,'2013-11-27 13:53:52'),(17,35,'2012-09-07 21:04:00'),(17,39,'2019-02-07 23:30:30'),(17,52,'2011-05-10 20:52:36'),(17,64,'2016-11-17 10:55:44'),(18,2,'2015-09-23 23:35:28'),(18,75,'2012-05-17 00:14:17'),(18,80,'2016-06-03 03:29:02'),(18,97,'2021-04-10 10:28:55'),(19,31,'2019-09-06 03:20:54'),(19,50,'2014-03-22 17:57:21'),(19,62,'2019-03-05 17:49:09'),(19,83,'2013-05-15 17:32:08'),(19,88,'2014-02-19 06:24:23'),(20,42,'2012-12-04 08:52:51'),(20,69,'2021-01-16 08:06:18'),(20,72,'2018-05-01 12:17:05'),(21,53,'2016-06-19 08:04:02'),(21,81,'2020-12-20 14:02:14'),(21,88,'2014-07-14 19:32:15'),(22,5,'2020-08-08 22:54:20'),(22,6,'2014-06-12 07:30:25'),(22,54,'2015-11-19 12:48:27'),(22,68,'2015-12-31 20:51:25'),(22,95,'2015-05-08 14:15:36'),(23,92,'2019-12-22 00:01:47'),(24,14,'2018-05-28 16:16:35'),(24,36,'2018-06-16 02:06:28'),(24,65,'2020-04-05 23:23:40'),(25,5,'2013-10-30 19:06:36'),(25,7,'2017-12-13 10:38:31'),(25,11,'2018-09-20 03:15:19'),(25,33,'2014-07-29 07:13:34'),(25,47,'2018-09-01 17:30:07'),(25,51,'2012-10-26 21:52:39'),(25,100,'2018-07-24 10:18:56'),(26,6,'2015-04-26 00:09:08'),(26,8,'2011-06-11 08:46:57'),(26,39,'2013-03-15 06:31:17'),(26,58,'2018-04-21 20:02:36'),(28,32,'2017-04-17 18:41:21'),(28,34,'2016-04-13 22:03:21'),(28,42,'2021-01-15 11:27:37'),(28,81,'2013-06-12 13:28:10'),(29,56,'2018-09-28 01:50:56'),(29,86,'2020-12-15 06:47:18'),(30,81,'2016-07-08 08:06:53');
/*!40000 ALTER TABLE `communities_users` ENABLE KEYS */;
UNLOCK TABLES;

--
-- Table structure for table `friendship`
--

DROP TABLE IF EXISTS `friendship`;
/*!40101 SET @saved_cs_client     = @@character_set_client */;
/*!50503 SET character_set_client = utf8mb4 */;
CREATE TABLE `friendship` (
  `user_id` int unsigned NOT NULL COMMENT '╨б╤Б╤Л╨╗╨║╨░ ╨╜╨░ ╨╕╨╜╨╕╤Ж╨╕╨░╤В╨╛╤А╨░ ╨┤╤А╤Г╨╢╨╡╤Б╨║╨╕╤Е ╨╛╤В╨╜╨╛╤И╨╡╨╜╨╕╨╣',
  `friend_id` int unsigned NOT NULL COMMENT '╨б╤Б╤Л╨╗╨║╨░ ╨╜╨░ ╨┐╨╛╨╗╤Г╤З╨░╤В╨╡╨╗╤П ╨┐╤А╨╕╨│╨╗╨░╤И╨╡╨╜╨╕╤П ╨┤╤А╤Г╨╢╨╕╤В╤М',
  `friendship_status_id` int unsigned NOT NULL COMMENT '╨б╤Б╤Л╨╗╨║╨░ ╨╜╨░ ╤Б╤В╨░╤В╤Г╤Б (╤В╨╡╨║╤Г╤Й╨╡╨╡ ╤Б╨╛╤Б╤В╨╛╤П╨╜╨╕╨╡) ╨╛╤В╨╜╨╛╤И╨╡╨╜╨╕╨╣',
  `confirmed_at` datetime DEFAULT NULL COMMENT '╨Т╤А╨╡╨╝╤П ╨┐╨╛╨┤╤В╨▓╨╡╤А╨╢╨┤╨╡╨╜╨╕╤П ╨┐╤А╨╕╨│╨╗╨░╤И╨╡╨╜╨╕╤П',
  `created_at` datetime DEFAULT CURRENT_TIMESTAMP COMMENT '╨Т╤А╨╡╨╝╤П ╤Б╨╛╨╖╨┤╨░╨╜╨╕╤П ╤Б╤В╤А╨╛╨║╨╕',
  `updated_at` datetime DEFAULT CURRENT_TIMESTAMP ON UPDATE CURRENT_TIMESTAMP COMMENT '╨Т╤А╨╡╨╝╤П ╨╛╨▒╨╜╨╛╨▓╨╗╨╡╨╜╨╕╤П ╤Б╤В╤А╨╛╨║╨╕',
  PRIMARY KEY (`user_id`,`friend_id`) COMMENT '╨б╨╛╤Б╤В╨░╨▓╨╜╨╛╨╣ ╨┐╨╡╤А╨▓╨╕╤З╨╜╤Л╨╣ ╨║╨╗╤О╤З'
) ENGINE=InnoDB DEFAULT CHARSET=utf8mb4 COLLATE=utf8mb4_unicode_ci COMMENT='╨в╨░╨▒╨╗╨╕╤Ж╨░ ╨┤╤А╤Г╨╢╨▒╤Л';
/*!40101 SET character_set_client = @saved_cs_client */;

--
-- Dumping data for table `friendship`
--

LOCK TABLES `friendship` WRITE;
/*!40000 ALTER TABLE `friendship` DISABLE KEYS */;
INSERT INTO `friendship` VALUES (1,62,2,'2018-02-08 08:01:02','2018-04-20 15:54:04','2021-04-27 13:22:55'),(3,64,2,'2021-04-18 11:37:23','2019-01-04 17:28:14','2021-04-27 12:54:27'),(3,77,2,'2013-08-12 06:30:08','2020-05-02 23:02:43','2021-04-27 12:54:27'),(4,18,2,'2011-10-03 19:35:14','2011-07-25 00:22:13','2021-04-27 12:54:27'),(4,42,2,'2011-09-08 01:08:06','2014-03-18 19:01:24','2021-04-27 12:54:27'),(4,54,3,'2015-02-16 04:14:29','2014-10-30 04:31:01','2021-04-27 12:54:27'),(6,49,3,'2020-02-22 03:12:45','2017-02-03 02:24:22','2021-04-27 12:54:27'),(7,41,2,'2017-09-06 22:59:43','2020-09-28 16:09:09','2021-04-27 12:54:27'),(8,66,3,'2015-10-26 14:38:29','2018-11-28 20:22:33','2021-04-27 12:54:27'),(9,10,1,'2012-08-26 18:06:34','2020-06-26 07:18:26','2021-04-27 12:54:27'),(9,26,3,'2015-01-22 09:16:31','2015-02-28 16:11:59','2021-04-27 12:54:27'),(11,50,2,'2012-12-28 19:53:32','2019-04-15 06:50:12','2021-04-27 12:54:27'),(12,89,1,'2017-02-16 12:59:36','2018-08-07 16:11:11','2021-04-27 12:54:27'),(14,40,1,'2014-04-20 22:41:02','2013-10-31 01:40:10','2021-04-27 12:54:27'),(14,57,1,'2017-06-08 00:41:57','2011-12-04 05:25:12','2021-04-27 12:54:27'),(15,50,1,'2020-02-23 13:14:24','2016-08-25 15:11:01','2021-04-27 12:54:27'),(15,84,1,'2012-06-06 20:51:00','2019-06-25 06:20:58','2021-04-27 12:54:27'),(16,95,1,'2016-03-29 06:31:33','2012-07-20 13:56:38','2021-04-27 12:54:27'),(18,25,3,'2019-08-20 08:15:59','2018-08-27 23:38:36','2021-04-27 12:54:27'),(18,74,2,'2017-01-16 05:57:35','2019-10-20 04:24:46','2021-04-27 12:54:27'),(19,21,3,'2016-07-11 18:54:09','2020-03-20 15:34:40','2021-04-27 12:54:27'),(19,83,2,'2016-06-06 08:01:23','2013-01-20 17:37:38','2021-04-27 12:54:27'),(20,29,1,'2019-08-12 06:49:25','2012-12-23 17:43:50','2021-04-27 12:54:27'),(21,52,1,'2016-01-24 12:43:22','2013-09-11 12:47:27','2021-04-27 12:54:27'),(23,23,2,'2014-05-04 20:30:17','2021-01-12 06:51:52','2021-04-27 12:54:27'),(26,8,2,'2019-07-31 18:10:09','2018-11-06 15:52:02','2021-04-27 12:54:27'),(27,21,1,'2021-02-17 16:13:14','2012-03-20 16:40:59','2021-04-27 12:54:27'),(27,23,2,'2012-09-18 12:04:28','2014-03-27 11:24:02','2021-04-27 12:54:27'),(28,35,2,'2013-06-07 14:35:25','2019-08-08 08:07:33','2021-04-27 12:54:27'),(28,51,1,'2020-07-18 16:51:07','2020-08-20 00:58:54','2021-04-27 12:54:27'),(29,16,3,'2020-03-25 13:55:20','2013-05-04 15:47:20','2021-04-27 12:54:27'),(31,77,3,'2015-01-05 09:28:17','2017-08-14 14:18:14','2021-04-27 12:54:27'),(32,50,3,'2018-09-06 16:32:36','2018-02-02 06:43:06','2021-04-27 12:54:27'),(33,70,3,'2019-10-27 05:16:35','2012-03-08 20:41:55','2021-04-27 12:54:27'),(34,53,2,'2019-01-04 16:07:34','2017-02-16 21:23:23','2021-04-27 12:54:27'),(34,88,3,'2011-09-06 09:22:05','2019-07-09 18:57:11','2021-04-27 12:54:27'),(36,73,1,'2014-01-01 16:40:13','2013-04-24 10:00:01','2021-04-27 12:54:27'),(37,81,1,'2011-08-04 17:19:11','2011-09-07 00:10:50','2021-04-27 12:54:27'),(37,86,2,'2017-05-26 00:21:44','2018-12-29 05:39:11','2021-04-27 12:54:27'),(38,8,2,'2012-09-10 07:10:12','2015-11-19 09:24:43','2021-04-27 12:54:27'),(39,9,2,'2011-10-16 03:40:39','2015-02-26 17:39:32','2021-04-27 12:54:27'),(40,25,2,'2016-09-25 10:20:14','2015-11-21 17:50:54','2021-04-27 12:54:27'),(41,20,1,'2013-06-16 10:23:49','2016-09-30 14:15:40','2021-04-27 12:54:27'),(41,33,2,'2012-10-17 14:45:48','2015-03-28 16:22:35','2021-04-27 12:54:27'),(42,6,1,'2012-07-04 05:04:39','2013-09-26 23:28:33','2021-04-27 12:54:27'),(45,77,2,'2016-05-03 18:56:21','2019-12-11 15:02:56','2021-04-27 12:54:27'),(46,78,1,'2020-11-10 21:36:06','2013-03-23 23:31:10','2021-04-27 12:54:27'),(47,15,2,'2019-12-26 13:09:50','2012-05-07 05:55:38','2021-04-27 12:54:27'),(51,63,3,'2012-06-28 04:43:29','2018-06-16 03:15:42','2021-04-27 12:54:27'),(51,80,3,'2013-12-31 22:31:34','2017-09-11 21:02:10','2021-04-27 12:54:27'),(52,59,2,'2013-12-26 21:20:26','2018-11-30 04:38:44','2021-04-27 12:54:27'),(52,66,3,'2020-09-27 16:20:24','2015-02-13 20:32:53','2021-04-27 12:54:27'),(52,88,2,'2017-02-15 10:01:39','2015-09-01 23:55:31','2021-04-27 12:54:27'),(53,22,1,'2012-09-21 19:39:16','2015-06-18 21:57:12','2020-08-08 23:11:20'),(54,44,1,'2016-09-19 00:18:42','2020-11-05 16:53:19','2021-04-27 12:54:27'),(55,10,2,'2018-10-25 22:48:32','2012-11-27 05:45:35','2021-04-27 12:54:27'),(55,29,2,'2012-06-15 01:03:53','2012-05-12 00:11:04','2014-03-21 07:18:42'),(56,93,1,'2018-12-25 05:53:48','2013-10-10 15:32:59','2021-04-27 12:54:27'),(57,20,1,'2021-03-07 17:16:47','2011-07-19 09:19:28','2021-04-27 12:54:27'),(57,47,1,'2015-03-21 14:20:29','2016-01-18 18:01:21','2021-04-27 13:22:55'),(58,63,1,'2017-08-03 09:58:39','2019-07-02 11:20:05','2021-04-27 12:54:27'),(60,64,1,'2016-10-19 14:29:36','2012-06-17 04:49:41','2021-04-27 12:54:27'),(62,45,2,'2013-01-14 18:30:55','2016-10-22 21:52:37','2021-04-27 12:54:27'),(62,80,1,'2016-07-06 17:38:05','2015-10-01 21:09:52','2021-04-27 12:54:27'),(62,91,2,'2018-02-16 16:56:26','2018-12-16 07:20:08','2021-04-27 12:54:27'),(63,1,1,'2017-09-19 09:19:47','2014-10-18 08:57:46','2021-04-27 12:54:27'),(63,35,2,'2016-11-05 19:53:20','2013-06-28 18:44:51','2021-04-27 12:54:27'),(63,73,2,'2015-03-15 11:34:41','2013-06-27 13:55:59','2021-04-27 12:54:27'),(64,50,2,'2019-06-14 11:24:42','2018-07-09 10:25:30','2021-04-27 12:54:27'),(68,86,1,'2011-11-20 20:16:24','2018-02-20 08:59:30','2021-04-27 12:54:27'),(70,89,1,'2019-11-20 08:20:08','2020-09-19 19:27:54','2021-04-27 12:54:27'),(71,30,1,'2016-01-31 23:31:01','2014-04-07 03:58:10','2021-04-27 12:54:27'),(71,68,2,'2019-10-18 23:29:52','2020-11-01 10:40:59','2021-04-27 13:22:55'),(78,73,1,'2014-08-04 22:20:18','2021-02-10 19:45:24','2021-04-27 12:54:27'),(80,7,2,'2018-09-10 20:43:00','2016-02-03 23:43:21','2021-04-27 12:54:27'),(82,43,3,'2013-10-11 03:53:46','2015-12-21 10:32:59','2021-04-27 12:54:27'),(82,70,2,'2020-08-25 01:10:01','2017-10-19 00:53:32','2021-04-27 12:54:27'),(83,31,1,'2013-05-26 03:35:45','2015-08-19 08:38:06','2021-04-27 12:54:27'),(83,84,3,'2014-10-22 22:10:55','2017-10-17 11:57:47','2021-04-27 12:54:27'),(84,51,2,'2014-06-08 15:48:42','2019-06-07 04:51:59','2021-04-27 12:54:27'),(84,83,1,'2012-09-05 04:45:27','2014-12-20 12:05:31','2021-04-27 12:54:27'),(85,36,1,'2017-05-03 23:57:26','2014-07-22 21:30:12','2021-04-27 12:54:27'),(87,7,1,'2016-08-31 11:50:26','2014-09-30 20:46:09','2021-04-27 12:54:27'),(87,9,2,'2020-04-28 01:52:20','2013-01-19 18:07:54','2021-04-27 12:54:27'),(87,77,3,'2014-11-12 11:03:48','2015-10-20 22:05:25','2021-04-27 12:54:27'),(87,90,3,'2017-12-16 07:20:51','2012-12-22 17:03:19','2019-12-19 00:28:15'),(89,14,3,'2018-10-10 08:29:56','2019-08-09 11:26:45','2021-04-27 12:54:27'),(91,6,2,'2019-09-18 06:02:51','2012-03-27 09:18:12','2021-04-27 12:54:27'),(91,43,1,'2017-05-06 15:54:37','2019-07-31 08:29:35','2021-04-27 12:54:27'),(91,85,1,'2021-01-31 09:16:58','2014-01-10 21:45:59','2021-04-27 12:54:27'),(92,72,2,'2011-11-17 17:11:43','2012-06-20 19:41:30','2021-04-27 12:54:27'),(92,92,2,'2017-09-29 19:50:29','2015-02-03 04:26:56','2021-04-27 12:54:27'),(93,29,3,'2012-02-03 01:45:50','2013-06-19 10:24:21','2021-04-27 12:54:27'),(94,22,2,'2014-11-27 09:08:35','2018-10-01 17:18:13','2021-04-27 12:54:27'),(94,67,2,'2012-12-29 08:29:22','2012-07-16 08:23:51','2021-04-27 12:54:27'),(95,86,1,'2012-03-23 16:32:57','2011-10-01 01:24:49','2021-04-27 12:54:27'),(97,17,2,'2012-05-21 23:12:18','2013-04-03 13:30:40','2021-04-27 12:54:27'),(98,19,3,'2017-08-13 10:30:57','2020-07-03 09:17:43','2021-04-27 12:54:27'),(99,3,2,'2015-02-03 11:42:49','2013-10-04 10:13:37','2021-04-27 12:54:27'),(100,24,2,'2019-10-15 05:33:34','2012-08-28 03:05:22','2021-04-27 12:54:27');
/*!40000 ALTER TABLE `friendship` ENABLE KEYS */;
UNLOCK TABLES;

--
-- Table structure for table `friendship_statuses`
--

DROP TABLE IF EXISTS `friendship_statuses`;
/*!40101 SET @saved_cs_client     = @@character_set_client */;
/*!50503 SET character_set_client = utf8mb4 */;
CREATE TABLE `friendship_statuses` (
  `id` int unsigned NOT NULL AUTO_INCREMENT COMMENT '╨Ш╨┤╨╡╨╜╤В╨╕╤Д╨╕╨║╨░╤В╨╛╤А ╤Б╤В╤А╨╛╨║╨╕',
  `name` varchar(150) CHARACTER SET utf8mb4 COLLATE utf8mb4_unicode_ci NOT NULL COMMENT '╨Э╨░╨╖╨▓╨░╨╜╨╕╨╡ ╤Б╤В╨░╤В╤Г╤Б╨░',
  `created_at` datetime DEFAULT CURRENT_TIMESTAMP COMMENT '╨Т╤А╨╡╨╝╤П ╤Б╨╛╨╖╨┤╨░╨╜╨╕╤П ╤Б╤В╤А╨╛╨║╨╕',
  `updated_at` datetime DEFAULT CURRENT_TIMESTAMP ON UPDATE CURRENT_TIMESTAMP COMMENT '╨Т╤А╨╡╨╝╤П ╨╛╨▒╨╜╨╛╨▓╨╗╨╡╨╜╨╕╤П ╤Б╤В╤А╨╛╨║╨╕',
  PRIMARY KEY (`id`),
  UNIQUE KEY `name` (`name`)
) ENGINE=InnoDB AUTO_INCREMENT=4 DEFAULT CHARSET=utf8mb4 COLLATE=utf8mb4_unicode_ci COMMENT='╨б╤В╨░╤В╤Г╤Б╤Л ╨┤╤А╤Г╨╢╨▒╤Л';
/*!40101 SET character_set_client = @saved_cs_client */;

--
-- Dumping data for table `friendship_statuses`
--

LOCK TABLES `friendship_statuses` WRITE;
/*!40000 ALTER TABLE `friendship_statuses` DISABLE KEYS */;
INSERT INTO `friendship_statuses` VALUES (1,'Requested','2021-04-27 12:53:07','2021-04-27 12:53:07'),(2,'Confirmed','2021-04-27 12:53:07','2021-04-27 12:53:07'),(3,'Rejected','2021-04-27 12:53:07','2021-04-27 12:53:07');
/*!40000 ALTER TABLE `friendship_statuses` ENABLE KEYS */;
UNLOCK TABLES;

--
-- Table structure for table `media`
--

DROP TABLE IF EXISTS `media`;
/*!40101 SET @saved_cs_client     = @@character_set_client */;
/*!50503 SET character_set_client = utf8mb4 */;
CREATE TABLE `media` (
  `id` int unsigned NOT NULL AUTO_INCREMENT COMMENT '╨Ш╨┤╨╡╨╜╤В╨╕╤Д╨╕╨║╨░╤В╨╛╤А ╤Б╤В╤А╨╛╨║╨╕',
  `user_id` int unsigned NOT NULL COMMENT '╨б╤Б╤Л╨╗╨║╨░ ╨╜╨░ ╨┐╨╛╨╗╤М╨╖╨╛╨▓╨░╤В╨╡╨╗╤П, ╨║╨╛╤В╨╛╤А╤Л╨╣ ╨╖╨░╨│╤А╤Г╨╖╨╕╨╗ ╤Д╨░╨╣╨╗',
  `filename` varchar(255) CHARACTER SET utf8mb4 COLLATE utf8mb4_unicode_ci NOT NULL COMMENT '╨Я╤Г╤В╤М ╨║ ╤Д╨░╨╣╨╗╤Г',
  `size` int NOT NULL COMMENT '╨а╨░╨╖╨╝╨╡╤А ╤Д╨░╨╣╨╗╨░',
  `metadata` json DEFAULT NULL,
  `media_type_id` int unsigned NOT NULL COMMENT '╨б╤Б╤Л╨╗╨║╨░ ╨╜╨░ ╤В╨╕╨┐ ╨║╨╛╨╜╤В╨╡╨╜╤В╨░',
  `created_at` datetime DEFAULT CURRENT_TIMESTAMP COMMENT '╨Т╤А╨╡╨╝╤П ╤Б╨╛╨╖╨┤╨░╨╜╨╕╤П ╤Б╤В╤А╨╛╨║╨╕',
  `updated_at` datetime DEFAULT CURRENT_TIMESTAMP ON UPDATE CURRENT_TIMESTAMP COMMENT '╨Т╤А╨╡╨╝╤П ╨╛╨▒╨╜╨╛╨▓╨╗╨╡╨╜╨╕╤П ╤Б╤В╤А╨╛╨║╨╕',
  PRIMARY KEY (`id`),
  CONSTRAINT `media_chk_1` CHECK (json_valid(`metadata`))
) ENGINE=InnoDB AUTO_INCREMENT=101 DEFAULT CHARSET=utf8mb4 COLLATE=utf8mb4_unicode_ci COMMENT='╨Ь╨╡╨┤╨╕╨░╤Д╨░╨╣╨╗╤Л';
/*!40101 SET character_set_client = @saved_cs_client */;

--
-- Dumping data for table `media`
--

LOCK TABLES `media` WRITE;
/*!40000 ALTER TABLE `media` DISABLE KEYS */;
INSERT INTO `media` VALUES (1,4,'http://dropbox.com/vk/assumenda.mp3',6398095,'{\"owner\": \"Laron Hand\"}',2,'2021-04-21 16:36:19','2021-04-27 12:46:22'),(2,81,'http://dropbox.com/vk/qui.png',8597044,'{\"owner\": \"Leo Morissette\"}',2,'2015-03-29 09:44:50','2021-04-27 12:32:20'),(3,92,'http://dropbox.com/vk/consequatur.png',3780937,'{\"owner\": \"Tyrique Thiel\"}',3,'2019-06-14 02:19:44','2021-04-27 12:32:20'),(4,18,'http://dropbox.com/vk/deserunt.png',3103552,'{\"owner\": \"Camille Hudson\"}',2,'2018-04-05 04:07:53','2021-04-27 12:46:22'),(5,15,'http://dropbox.com/vk/et.jpeg',4164950,'{\"owner\": \"Kaya O\'Kon\"}',3,'2020-03-02 13:00:33','2021-04-27 12:46:22'),(6,17,'http://dropbox.com/vk/excepturi.jpeg',1504096,'{\"owner\": \"Gudrun Bruen\"}',3,'2017-02-20 17:58:18','2021-04-27 12:46:22'),(7,41,'http://dropbox.com/vk/ipsam.png',5015628,'{\"owner\": \"Keara Luettgen\"}',2,'2011-12-11 14:51:04','2021-04-27 12:46:22'),(8,54,'http://dropbox.com/vk/commodi.mpeg',555856,'{\"owner\": \"Cristal Kuphal\"}',1,'2015-01-27 23:28:17','2021-04-27 12:46:22'),(9,48,'http://dropbox.com/vk/minima.avi',7722394,'{\"owner\": \"Amos Walsh\"}',1,'2012-10-22 05:07:36','2021-04-27 12:46:22'),(10,76,'http://dropbox.com/vk/fugiat.mp3',6934405,'{\"owner\": \"Linnie Armstrong\"}',1,'2017-07-20 07:24:27','2021-04-27 12:46:22'),(11,35,'http://dropbox.com/vk/voluptas.avi',1494841,'{\"owner\": \"Lucienne Weimann\"}',3,'2017-02-03 09:37:02','2021-04-27 12:46:22'),(12,48,'http://dropbox.com/vk/incidunt.mp3',6660992,'{\"owner\": \"Amos Walsh\"}',1,'2019-10-26 06:53:16','2021-04-27 12:46:22'),(13,35,'http://dropbox.com/vk/commodi.avi',8810439,'{\"owner\": \"Lucienne Weimann\"}',1,'2014-03-26 17:13:16','2021-04-27 12:46:22'),(14,31,'http://dropbox.com/vk/officia.avi',4059218,'{\"owner\": \"Michael Wiza\"}',1,'2017-06-28 02:21:38','2021-04-27 12:46:22'),(15,48,'http://dropbox.com/vk/rerum.jpeg',3854776,'{\"owner\": \"Amos Walsh\"}',1,'2017-03-01 19:11:18','2021-04-27 12:46:22'),(16,49,'http://dropbox.com/vk/rerum.jpeg',7086228,'{\"owner\": \"Chanel Moen\"}',3,'2019-01-30 21:43:44','2021-04-27 12:46:22'),(17,99,'http://dropbox.com/vk/ratione.mp3',3856811,'{\"owner\": \"Keaton Tillman\"}',2,'2011-07-08 10:24:57','2021-04-27 12:46:22'),(18,48,'http://dropbox.com/vk/repellat.jpeg',8015371,'{\"owner\": \"Amos Walsh\"}',1,'2020-07-07 06:06:03','2021-04-27 12:46:22'),(19,42,'http://dropbox.com/vk/sint.jpeg',8496422,'{\"owner\": \"Torey Kiehn\"}',1,'2018-07-12 19:55:52','2021-04-27 12:46:22'),(20,64,'http://dropbox.com/vk/voluptatem.avi',8425998,'{\"owner\": \"Cecelia Nader\"}',3,'2016-12-05 11:31:38','2021-04-27 12:46:22'),(21,94,'http://dropbox.com/vk/commodi.jpeg',6630727,'{\"owner\": \"Jazmyn Jacobson\"}',1,'2011-12-28 07:14:32','2021-04-27 12:32:20'),(22,80,'http://dropbox.com/vk/cumque.mp3',7865643,'{\"owner\": \"Gabriel Morar\"}',3,'2014-11-30 09:05:00','2021-04-27 12:46:22'),(23,15,'http://dropbox.com/vk/possimus.mp3',9426031,'{\"owner\": \"Kaya O\'Kon\"}',2,'2021-02-03 09:38:41','2021-04-27 12:46:22'),(24,37,'http://dropbox.com/vk/qui.avi',3523230,'{\"owner\": \"Ramon O\'Reilly\"}',1,'2020-12-19 13:29:15','2021-04-27 12:46:22'),(25,37,'http://dropbox.com/vk/earum.jpeg',9328058,'{\"owner\": \"Ramon O\'Reilly\"}',1,'2016-02-03 18:12:16','2021-04-27 12:46:22'),(26,74,'http://dropbox.com/vk/veritatis.avi',6060601,'{\"owner\": \"Elena Johnson\"}',1,'2018-02-23 18:20:47','2021-04-27 12:46:22'),(27,60,'http://dropbox.com/vk/sed.png',2308829,'{\"owner\": \"Grant Hamill\"}',3,'2019-09-17 07:21:14','2021-04-27 12:46:22'),(28,76,'http://dropbox.com/vk/ipsa.jpeg',3352345,'{\"owner\": \"Linnie Armstrong\"}',2,'2019-09-30 10:31:51','2021-04-27 12:46:22'),(29,99,'http://dropbox.com/vk/ab.png',9825239,'{\"owner\": \"Keaton Tillman\"}',2,'2020-02-16 01:34:32','2021-04-27 12:46:22'),(30,68,'http://dropbox.com/vk/qui.avi',9059161,'{\"owner\": \"Dewitt Torphy\"}',1,'2017-05-20 06:39:28','2021-04-27 12:46:22'),(31,43,'http://dropbox.com/vk/fugiat.jpeg',5810089,'{\"owner\": \"Amiya McClure\"}',1,'2013-06-11 08:02:02','2021-04-27 12:32:20'),(32,9,'http://dropbox.com/vk/a.mpeg',1862964,'{\"owner\": \"Enrico Harvey\"}',2,'2016-04-27 19:01:21','2021-04-27 12:32:20'),(33,17,'http://dropbox.com/vk/veritatis.mp3',1874552,'{\"owner\": \"Gudrun Bruen\"}',2,'2013-03-21 11:40:39','2021-04-27 12:46:22'),(34,58,'http://dropbox.com/vk/mollitia.avi',3773868,'{\"owner\": \"Conner Sawayn\"}',3,'2015-09-10 03:56:36','2021-04-27 12:46:22'),(35,39,'http://dropbox.com/vk/magni.mpeg',3235684,'{\"owner\": \"Precious Paucek\"}',3,'2020-10-21 14:52:41','2021-04-27 12:46:22'),(36,21,'http://dropbox.com/vk/optio.mp3',4846817,'{\"owner\": \"Alexys Miller\"}',2,'2012-08-08 05:27:47','2021-04-27 12:46:22'),(37,85,'http://dropbox.com/vk/ab.mp3',4517032,'{\"owner\": \"Buford Braun\"}',2,'2012-10-03 23:38:42','2021-04-27 12:46:22'),(38,61,'http://dropbox.com/vk/error.png',8034713,'{\"owner\": \"Ena Will\"}',2,'2017-06-04 09:38:17','2021-04-27 12:46:22'),(39,49,'http://dropbox.com/vk/voluptatem.jpeg',6612470,'{\"owner\": \"Chanel Moen\"}',1,'2020-12-09 07:21:38','2021-04-27 12:46:22'),(40,64,'http://dropbox.com/vk/qui.png',8948211,'{\"owner\": \"Cecelia Nader\"}',2,'2019-01-13 10:30:35','2021-04-27 12:46:22'),(41,73,'http://dropbox.com/vk/eos.jpeg',4893647,'{\"owner\": \"Nicholas Walter\"}',2,'2015-07-07 18:43:52','2021-04-27 12:46:22'),(42,70,'http://dropbox.com/vk/dolore.avi',7613601,'{\"owner\": \"Gloria O\'Keefe\"}',2,'2021-03-30 05:40:16','2021-04-27 12:32:20'),(43,31,'http://dropbox.com/vk/natus.mp3',3377066,'{\"owner\": \"Michael Wiza\"}',2,'2015-02-08 12:30:04','2021-04-27 12:46:22'),(44,46,'http://dropbox.com/vk/non.mpeg',4034529,'{\"owner\": \"Eldred Kautzer\"}',2,'2013-06-29 06:47:13','2021-04-27 12:46:22'),(45,35,'http://dropbox.com/vk/quisquam.png',31446,'{\"owner\": \"Lucienne Weimann\"}',1,'2014-12-13 20:21:00','2021-04-27 12:46:22'),(46,35,'http://dropbox.com/vk/sint.mpeg',8043645,'{\"owner\": \"Lucienne Weimann\"}',2,'2013-11-02 14:35:02','2021-04-27 12:46:22'),(47,72,'http://dropbox.com/vk/doloremque.jpeg',113888,'{\"owner\": \"Dorothy Emard\"}',1,'2016-12-09 18:21:48','2021-04-27 12:46:22'),(48,52,'http://dropbox.com/vk/itaque.avi',6428505,'{\"owner\": \"Joe Hintz\"}',1,'2014-10-12 01:03:49','2021-04-27 12:46:22'),(49,43,'http://dropbox.com/vk/quia.mp3',1790862,'{\"owner\": \"Amiya McClure\"}',1,'2020-08-21 12:57:29','2021-04-27 12:46:22'),(50,60,'http://dropbox.com/vk/fugit.avi',9658795,'{\"owner\": \"Grant Hamill\"}',1,'2016-01-05 19:37:28','2021-04-27 12:46:22'),(51,70,'http://dropbox.com/vk/autem.mp3',2911391,'{\"owner\": \"Gloria O\'Keefe\"}',1,'2015-09-23 22:32:45','2021-04-27 12:32:20'),(52,69,'http://dropbox.com/vk/odio.avi',5570569,'{\"owner\": \"Trever Pollich\"}',2,'2012-02-04 23:55:02','2021-04-27 12:32:20'),(53,35,'http://dropbox.com/vk/praesentium.mpeg',9108672,'{\"owner\": \"Lucienne Weimann\"}',2,'2013-07-15 15:28:03','2021-04-27 12:46:22'),(54,67,'http://dropbox.com/vk/et.png',8821656,'{\"owner\": \"Delia Konopelski\"}',2,'2014-02-02 05:38:26','2021-04-27 12:46:22'),(55,29,'http://dropbox.com/vk/atque.avi',6772263,'{\"owner\": \"Destiny Baumbach\"}',1,'2012-09-30 02:55:01','2021-04-27 12:46:22'),(56,46,'http://dropbox.com/vk/neque.jpeg',7386349,'{\"owner\": \"Eldred Kautzer\"}',3,'2021-04-04 14:02:28','2021-04-27 12:46:22'),(57,42,'http://dropbox.com/vk/eveniet.mp3',6604955,'{\"owner\": \"Torey Kiehn\"}',1,'2016-05-30 23:23:42','2021-04-27 12:46:22'),(58,69,'http://dropbox.com/vk/labore.jpeg',855729,'{\"owner\": \"Trever Pollich\"}',2,'2014-06-03 11:27:21','2021-04-27 12:46:22'),(59,21,'http://dropbox.com/vk/hic.mpeg',4453782,'{\"owner\": \"Alexys Miller\"}',3,'2011-08-03 16:00:26','2021-04-27 12:46:22'),(60,96,'http://dropbox.com/vk/autem.avi',9691725,'{\"owner\": \"Lempi Jacobs\"}',2,'2014-10-25 22:11:52','2021-04-27 12:46:22'),(61,18,'http://dropbox.com/vk/blanditiis.jpeg',5087279,'{\"owner\": \"Camille Hudson\"}',2,'2021-03-18 03:08:37','2021-04-27 12:46:22'),(62,1,'http://dropbox.com/vk/rerum.mp3',6351221,'{\"owner\": \"Agustina DuBuque\"}',3,'2015-08-10 19:19:15','2021-04-27 12:46:22'),(63,50,'http://dropbox.com/vk/voluptas.png',6484270,'{\"owner\": \"Dion Zieme\"}',2,'2017-09-05 06:59:49','2021-04-27 12:46:22'),(64,48,'http://dropbox.com/vk/dolorem.mp3',3357687,'{\"owner\": \"Amos Walsh\"}',3,'2015-08-25 00:50:17','2021-04-27 12:46:22'),(65,88,'http://dropbox.com/vk/dignissimos.mpeg',7325627,'{\"owner\": \"Henry Cronin\"}',1,'2013-10-28 17:46:26','2021-04-27 12:46:22'),(66,98,'http://dropbox.com/vk/quae.png',6545073,'{\"owner\": \"Davon Beatty\"}',1,'2012-01-12 07:15:25','2021-04-27 12:46:22'),(67,23,'http://dropbox.com/vk/nostrum.jpeg',738485,'{\"owner\": \"Gerhard Wuckert\"}',1,'2013-10-09 04:03:21','2021-04-27 12:46:22'),(68,20,'http://dropbox.com/vk/dolor.avi',4047207,'{\"owner\": \"Angelo Stroman\"}',1,'2014-03-08 21:32:46','2021-04-27 12:46:22'),(69,30,'http://dropbox.com/vk/id.avi',8010582,'{\"owner\": \"Germaine Huel\"}',2,'2016-06-25 05:07:08','2021-04-27 12:46:22'),(70,89,'http://dropbox.com/vk/eos.mp3',7901289,'{\"owner\": \"Daisha Greenfelder\"}',1,'2020-01-18 12:47:25','2021-04-27 12:46:22'),(71,57,'http://dropbox.com/vk/explicabo.jpeg',5464700,'{\"owner\": \"Kayley Becker\"}',2,'2014-08-04 23:43:14','2021-04-27 12:46:22'),(72,15,'http://dropbox.com/vk/eum.mp3',3609633,'{\"owner\": \"Kaya O\'Kon\"}',1,'2016-07-27 05:58:03','2021-04-27 12:46:22'),(73,3,'http://dropbox.com/vk/quidem.png',1644065,'{\"owner\": \"Katlynn Abernathy\"}',2,'2016-04-12 09:41:05','2021-04-27 12:46:22'),(74,71,'http://dropbox.com/vk/ipsum.avi',7381427,'{\"owner\": \"Consuelo Schiller\"}',3,'2017-03-14 01:46:33','2021-04-27 12:46:22'),(75,45,'http://dropbox.com/vk/voluptatibus.jpeg',1964943,'{\"owner\": \"Sylvia Larson\"}',2,'2020-03-01 16:34:01','2021-04-27 12:46:22'),(76,11,'http://dropbox.com/vk/similique.png',7670434,'{\"owner\": \"Fanny Fadel\"}',1,'2015-04-13 13:16:31','2021-04-27 12:46:22'),(77,19,'http://dropbox.com/vk/consequuntur.jpeg',2447342,'{\"owner\": \"Jasen Breitenberg\"}',3,'2021-03-06 04:02:59','2021-04-27 12:46:22'),(78,64,'http://dropbox.com/vk/maiores.jpeg',9215410,'{\"owner\": \"Cecelia Nader\"}',2,'2018-06-07 10:38:30','2021-04-27 12:46:22'),(79,59,'http://dropbox.com/vk/veniam.png',8725024,'{\"owner\": \"Newton Schiller\"}',2,'2018-04-28 00:50:32','2021-04-27 12:46:22'),(80,6,'http://dropbox.com/vk/aut.avi',5968891,'{\"owner\": \"Cecilia Muller\"}',1,'2016-03-01 12:23:41','2021-04-27 12:46:22'),(81,50,'http://dropbox.com/vk/voluptatem.avi',3659382,'{\"owner\": \"Dion Zieme\"}',3,'2013-08-13 18:11:32','2021-04-27 12:46:22'),(82,34,'http://dropbox.com/vk/non.png',380238,'{\"owner\": \"Kameron Cole\"}',2,'2019-08-14 13:14:55','2021-04-27 12:32:20'),(83,18,'http://dropbox.com/vk/ut.mpeg',913044,'{\"owner\": \"Camille Hudson\"}',2,'2012-08-20 10:44:49','2021-04-27 12:46:22'),(84,88,'http://dropbox.com/vk/exercitationem.png',3414510,'{\"owner\": \"Henry Cronin\"}',2,'2020-03-02 03:12:05','2021-04-27 12:46:22'),(85,86,'http://dropbox.com/vk/veniam.png',4323416,'{\"owner\": \"Reymundo Rolfson\"}',1,'2016-04-23 07:24:55','2021-04-27 12:46:22'),(86,67,'http://dropbox.com/vk/voluptatem.avi',1363553,'{\"owner\": \"Delia Konopelski\"}',2,'2015-08-25 17:03:38','2021-04-27 12:46:22'),(87,73,'http://dropbox.com/vk/eveniet.jpeg',3837517,'{\"owner\": \"Nicholas Walter\"}',1,'2013-05-26 06:55:01','2021-04-27 12:46:22'),(88,66,'http://dropbox.com/vk/commodi.mpeg',5086927,'{\"owner\": \"Dorothy Lemke\"}',1,'2017-10-02 22:18:15','2021-04-27 12:46:22'),(89,10,'http://dropbox.com/vk/amet.avi',3912084,'{\"owner\": \"Nicola Jenkins\"}',3,'2014-01-06 01:49:03','2021-04-27 12:46:22'),(90,50,'http://dropbox.com/vk/in.png',4289642,'{\"owner\": \"Dion Zieme\"}',1,'2021-04-06 22:44:42','2021-04-27 12:46:22'),(91,20,'http://dropbox.com/vk/est.png',9701957,'{\"owner\": \"Angelo Stroman\"}',2,'2019-02-28 09:43:11','2021-04-27 12:46:22'),(92,51,'http://dropbox.com/vk/ut.avi',5630861,'{\"owner\": \"Jade Turner\"}',3,'2018-05-30 13:09:37','2021-04-27 12:46:22'),(93,94,'http://dropbox.com/vk/consequatur.mpeg',9038434,'{\"owner\": \"Jazmyn Jacobson\"}',3,'2015-12-31 08:24:18','2021-04-27 12:32:20'),(94,18,'http://dropbox.com/vk/harum.jpeg',8289589,'{\"owner\": \"Camille Hudson\"}',3,'2011-05-24 23:29:15','2021-04-27 12:46:22'),(95,7,'http://dropbox.com/vk/quos.mp3',4322643,'{\"owner\": \"Filiberto Koelpin\"}',3,'2017-11-22 03:54:54','2021-04-27 12:46:22'),(96,78,'http://dropbox.com/vk/et.png',6734450,'{\"owner\": \"Giovanni Wuckert\"}',2,'2015-06-20 02:46:11','2021-04-27 12:46:22'),(97,71,'http://dropbox.com/vk/officia.avi',694321,'{\"owner\": \"Consuelo Schiller\"}',3,'2019-11-16 06:39:18','2021-04-27 12:46:22'),(98,20,'http://dropbox.com/vk/dolor.mp3',3258255,'{\"owner\": \"Angelo Stroman\"}',3,'2019-01-24 01:30:19','2021-04-27 12:46:22'),(99,84,'http://dropbox.com/vk/qui.mpeg',4198313,'{\"owner\": \"Justine Bayer\"}',1,'2015-05-26 06:41:26','2021-04-27 12:46:22'),(100,63,'http://dropbox.com/vk/voluptas.png',1206801,'{\"owner\": \"Ariel Tillman\"}',3,'2020-10-21 22:11:50','2021-04-27 12:46:22');
/*!40000 ALTER TABLE `media` ENABLE KEYS */;
UNLOCK TABLES;

--
-- Table structure for table `media_types`
--

DROP TABLE IF EXISTS `media_types`;
/*!40101 SET @saved_cs_client     = @@character_set_client */;
/*!50503 SET character_set_client = utf8mb4 */;
CREATE TABLE `media_types` (
  `id` int unsigned NOT NULL AUTO_INCREMENT COMMENT '╨Ш╨┤╨╡╨╜╤В╨╕╤Д╨╕╨║╨░╤В╨╛╤А ╤Б╤В╤А╨╛╨║╨╕',
  `name` varchar(255) CHARACTER SET utf8mb4 COLLATE utf8mb4_unicode_ci NOT NULL COMMENT '╨Э╨░╨╖╨▓╨░╨╜╨╕╨╡ ╤В╨╕╨┐╨░',
  `created_at` datetime DEFAULT CURRENT_TIMESTAMP COMMENT '╨Т╤А╨╡╨╝╤П ╤Б╨╛╨╖╨┤╨░╨╜╨╕╤П ╤Б╤В╤А╨╛╨║╨╕',
  `updated_at` datetime DEFAULT CURRENT_TIMESTAMP ON UPDATE CURRENT_TIMESTAMP COMMENT '╨Т╤А╨╡╨╝╤П ╨╛╨▒╨╜╨╛╨▓╨╗╨╡╨╜╨╕╤П ╤Б╤В╤А╨╛╨║╨╕',
  PRIMARY KEY (`id`),
  UNIQUE KEY `name` (`name`)
) ENGINE=InnoDB AUTO_INCREMENT=4 DEFAULT CHARSET=utf8mb4 COLLATE=utf8mb4_unicode_ci COMMENT='╨в╨╕╨┐╤Л ╨╝╨╡╨┤╨╕╨░╤Д╨░╨╣╨╗╨╛╨▓';
/*!40101 SET character_set_client = @saved_cs_client */;

--
-- Dumping data for table `media_types`
--

LOCK TABLES `media_types` WRITE;
/*!40000 ALTER TABLE `media_types` DISABLE KEYS */;
INSERT INTO `media_types` VALUES (1,'image','2021-04-27 12:43:26','2021-04-27 12:43:26'),(2,'audio','2021-04-27 12:43:26','2021-04-27 12:43:26'),(3,'video','2021-04-27 12:43:26','2021-04-27 12:43:26');
/*!40000 ALTER TABLE `media_types` ENABLE KEYS */;
UNLOCK TABLES;

--
-- Table structure for table `messages`
--

DROP TABLE IF EXISTS `messages`;
/*!40101 SET @saved_cs_client     = @@character_set_client */;
/*!50503 SET character_set_client = utf8mb4 */;
CREATE TABLE `messages` (
  `id` int unsigned NOT NULL AUTO_INCREMENT COMMENT '╨Ш╨┤╨╡╨╜╤В╨╕╤Д╨╕╨║╨░╤В╨╛╤А ╤Б╤В╤А╨╛╨║╨╕',
  `from_user_id` int unsigned NOT NULL COMMENT '╨б╤Б╤Л╨╗╨║╨░ ╨╜╨░ ╨╛╤В╨┐╤А╨░╨▓╨╕╤В╨╡╨╗╤П ╤Б╨╛╨╛╨▒╤Й╨╡╨╜╨╕╤П',
  `to_user_id` int unsigned NOT NULL COMMENT '╨б╤Б╤Л╨╗╨║╨░ ╨╜╨░ ╨┐╨╛╨╗╤Г╤З╨░╤В╨╡╨╗╤П ╤Б╨╛╨╛╨▒╤Й╨╡╨╜╨╕╤П',
  `body` text CHARACTER SET utf8mb4 COLLATE utf8mb4_unicode_ci NOT NULL COMMENT '╨в╨╡╨║╤Б╤В ╤Б╨╛╨╛╨▒╤Й╨╡╨╜╨╕╤П',
  `is_important` tinyint(1) DEFAULT NULL COMMENT '╨Я╤А╨╕╨╖╨╜╨░╨║ ╨▓╨░╨╢╨╜╨╛╤Б╤В╨╕',
  `is_delivered` tinyint(1) DEFAULT NULL COMMENT '╨Я╤А╨╕╨╖╨╜╨░╨║ ╨┤╨╛╤Б╤В╨░╨▓╨║╨╕',
  `created_at` datetime DEFAULT CURRENT_TIMESTAMP COMMENT '╨Т╤А╨╡╨╝╤П ╤Б╨╛╨╖╨┤╨░╨╜╨╕╤П ╤Б╤В╤А╨╛╨║╨╕',
  PRIMARY KEY (`id`)
) ENGINE=InnoDB AUTO_INCREMENT=101 DEFAULT CHARSET=utf8mb4 COLLATE=utf8mb4_unicode_ci COMMENT='╨б╨╛╨╛╨▒╤Й╨╡╨╜╨╕╤П';
/*!40101 SET character_set_client = @saved_cs_client */;

--
-- Dumping data for table `messages`
--

LOCK TABLES `messages` WRITE;
/*!40000 ALTER TABLE `messages` DISABLE KEYS */;
INSERT INTO `messages` VALUES (1,55,90,'Aliquid quo expedita possimus blanditiis ut et voluptatem assumenda. Alias officiis velit consequuntur libero voluptas rerum. Ut est laborum facere.',0,0,'2012-10-18 15:42:26'),(2,15,17,'Aperiam voluptatem est totam quaerat ab quis. Perspiciatis dolorum autem neque et. Tempore reprehenderit est velit possimus optio quis quis.',0,1,'2017-03-24 07:17:22'),(3,26,75,'Porro consequatur facere ut quibusdam. Non rerum modi voluptas ea vitae quam excepturi ut. Ut et debitis repudiandae rerum in velit. Illum veniam cum quaerat totam porro.',0,1,'2020-03-09 11:13:23'),(4,2,23,'Reprehenderit et debitis provident eligendi perspiciatis et deleniti. Dolor quisquam aut vero quod. Eaque molestias quibusdam magnam excepturi.',1,0,'2016-08-28 19:40:05'),(5,74,92,'Ut non perspiciatis ratione magnam qui. Nulla autem mollitia repellat hic quia nostrum qui. Et nulla minus sed.',1,1,'2014-06-20 14:16:06'),(6,70,57,'Tempore eaque et consequatur quisquam quidem reprehenderit. Doloremque id minima et voluptatem quis similique. Ut maxime aspernatur rerum aut.',1,1,'2017-12-15 03:30:21'),(7,44,18,'Suscipit odit maxime rerum harum. Tempora labore quisquam sunt ipsum autem sapiente quia et. Et fugiat magnam cum. Natus quos eius delectus totam aut consequatur quo ea. Cupiditate iure provident recusandae quia totam reprehenderit.',0,0,'2020-01-28 05:11:06'),(8,24,38,'Ut voluptatem autem nulla eveniet est explicabo. Ad ea excepturi rerum delectus odio. Sunt repudiandae non aut delectus labore minima sit. Neque voluptate rerum non molestiae vel.',0,1,'2019-10-15 14:13:59'),(9,55,65,'Voluptatem earum dolore at et illum. Quibusdam reprehenderit aut aspernatur fuga officiis. Quam iusto iusto iusto. Eligendi aut voluptates totam aut vitae qui ut.',1,0,'2019-10-27 01:45:53'),(10,62,3,'Ullam modi quod quam aut eaque. Nostrum dicta ut iste reiciendis. Nihil vitae modi quas exercitationem.',0,0,'2014-02-24 23:38:17'),(11,83,64,'Et provident nam quod autem dicta. Labore sint quo mollitia reiciendis voluptatem sequi. Id voluptatem voluptas sapiente quod aut qui dolorem. Aut quae libero nihil repudiandae sit.',0,0,'2012-07-29 01:18:27'),(12,86,69,'Sapiente odit ab pariatur magnam. Aliquid unde eos architecto. Voluptatem enim incidunt omnis pariatur quia.',1,0,'2020-02-10 15:56:24'),(13,46,95,'Aut velit non voluptatem iure enim molestiae fugit expedita. Autem ducimus iste sapiente temporibus ut sit qui officiis. Et ad in excepturi tenetur dolorem expedita. Aperiam et vitae rerum ex earum delectus aut.',1,0,'2015-10-31 00:18:52'),(14,31,64,'Praesentium et sint iusto eum maiores. Ut ab ratione recusandae ea. Non architecto consequatur nesciunt odio accusamus et quia. Ea quisquam cupiditate earum atque ut.',0,1,'2014-02-20 22:09:35'),(15,59,8,'Est sint et a odit delectus voluptatibus dicta qui. Nobis ut cupiditate beatae id similique.',1,0,'2014-02-15 03:23:02'),(16,58,68,'Perspiciatis asperiores eaque provident ut et. Vel corrupti pariatur ratione aliquam voluptas quia. Repellat architecto impedit ut neque quis sed error. Iste qui et repudiandae sint.',0,0,'2019-06-15 02:59:00'),(17,39,49,'Perspiciatis corrupti recusandae non reprehenderit quisquam non. Delectus odio sint animi voluptas iste vel aut. Ratione incidunt id rem id tenetur qui.',0,1,'2013-03-28 09:19:23'),(18,74,59,'Deleniti nobis ipsam non veniam nulla fugiat. Ad vel provident illo. Consequatur eaque rerum vel placeat error repellat.',0,1,'2013-11-30 06:41:15'),(19,74,19,'Non et aut dolores ut reiciendis consequuntur. Et et repellendus velit exercitationem asperiores hic. Qui totam occaecati aut corrupti. Consequatur excepturi qui ratione mollitia est dolor.',1,1,'2012-11-21 03:12:28'),(20,85,60,'Dolor tempora et voluptatem ullam eos qui. Ut fuga molestiae nemo sed. Eius eos rerum voluptatum et.',1,1,'2014-03-18 23:37:02'),(21,93,80,'Atque officiis commodi cumque porro dolores. Voluptatem nulla commodi quis quia in. Voluptatem et omnis voluptas voluptate odit. Quidem explicabo consequatur odit est et iusto.',0,0,'2016-01-05 08:16:30'),(22,56,88,'Repellendus veritatis consequuntur assumenda commodi placeat distinctio. Dignissimos est nulla nihil. A possimus repudiandae sit quia soluta rerum error. Minus est eos quo nemo.',0,1,'2020-06-10 03:25:51'),(23,90,98,'Aspernatur maxime enim quia eligendi consequatur eum sed illum. Est totam quis voluptate rem dolor maxime quas. Odio recusandae ut dolorem harum.',1,0,'2020-01-19 08:35:41'),(24,42,41,'Quas molestiae ut quia autem blanditiis. Dolorem animi corrupti est error in porro pariatur. Quo nihil aut eos ea voluptas accusamus. Natus nemo saepe earum qui alias. Distinctio accusantium officia atque cumque suscipit harum laboriosam est.',0,1,'2012-09-10 22:08:46'),(25,57,82,'Repellendus commodi maiores quidem aliquid delectus. Distinctio explicabo quibusdam repudiandae sapiente voluptatem. Sit id sit qui voluptatum labore beatae aperiam.',0,0,'2011-09-28 13:35:59'),(26,13,58,'Delectus et id rerum quia. Qui consequatur alias molestiae sapiente eius sunt. Ullam saepe qui nostrum.',1,1,'2014-11-22 16:31:26'),(27,78,21,'Ipsam molestias deleniti id doloremque quia qui. Blanditiis molestiae unde recusandae qui. Et autem aspernatur sit ut laborum voluptatibus in. Cupiditate non quo rerum nesciunt.',0,1,'2011-10-24 08:38:35'),(28,80,15,'Sed fugiat fugiat dolorem tenetur sit velit. Recusandae asperiores possimus sunt vitae. Voluptatem sed id odio qui consequuntur maiores ducimus.',0,1,'2019-05-20 09:24:31'),(29,63,60,'Est aut cum architecto iste adipisci maiores. Consequatur dolorem et voluptatibus voluptatum quas. Quod quidem officia sunt. Iure repellendus sint eos nostrum. Et qui aut quia commodi aliquid quia eum.',0,0,'2021-01-16 10:51:11'),(30,49,44,'Exercitationem perferendis ut ut necessitatibus et sint. Odit modi eos voluptatibus et sunt esse minima fugiat. Aliquam consequuntur est dolorum neque vel minus eum.',0,0,'2017-05-16 19:56:28'),(31,39,35,'Et et doloremque sequi molestiae. Voluptatem sed quia hic dolor nobis aliquid facilis. Ut qui magnam iste hic blanditiis expedita ipsum.',0,1,'2016-12-04 06:24:56'),(32,36,83,'Autem odit enim et aut temporibus. Molestiae est ex magnam et beatae repudiandae aperiam. Temporibus perspiciatis ipsam quos illum.',0,1,'2013-05-20 16:28:44'),(33,84,52,'Dolorum vel voluptatem quia debitis odit quo et. Iste aut hic ipsum consectetur molestiae nisi sunt quasi.',1,0,'2011-11-11 23:13:42'),(34,71,10,'Sed id ipsum cupiditate sequi fugit. Tempora modi expedita hic animi saepe architecto error. Alias aut quia distinctio nemo.',0,0,'2017-08-27 23:46:16'),(35,69,91,'Enim qui placeat sit eveniet ea. Est rerum vitae quos. Necessitatibus voluptas assumenda aliquam et totam pariatur.',1,1,'2014-05-06 22:41:31'),(36,91,3,'Reprehenderit consequatur qui expedita eaque possimus. Consequuntur eum sed molestias magni. Repellendus dolorem architecto aut neque nostrum quis. Aut totam ipsa odit doloremque. Atque a quia reprehenderit modi nobis minus qui.',0,0,'2016-10-12 04:53:39'),(37,2,55,'Omnis eligendi incidunt soluta animi. Temporibus doloremque qui occaecati libero et fuga. Adipisci ratione voluptatem dolores commodi tempora iure labore. Dicta nostrum accusantium aut.',1,0,'2013-07-30 05:03:35'),(38,74,89,'Dolor ut laboriosam dolor provident ea molestiae. Autem placeat esse veritatis. Sit voluptatem et quisquam rerum.',0,1,'2011-12-11 22:24:01'),(39,57,26,'Alias quam quas vitae alias asperiores. Recusandae quis veritatis qui modi dolorum aut dolore sint. Quis odit consequatur velit fuga. Alias voluptas laudantium sed ad et.',0,1,'2020-05-16 05:08:37'),(40,28,24,'Voluptas architecto iure in. Unde illo officia qui aliquam asperiores. Rerum autem ducimus magnam distinctio vitae. Expedita praesentium iure iusto. Eveniet enim nihil beatae.',0,0,'2018-09-28 10:03:57'),(41,81,20,'Suscipit laboriosam consectetur deleniti. Architecto quae quo sint natus. Velit nam et id facilis velit. Hic neque reprehenderit ut perferendis rerum fugit quia.',0,1,'2014-09-20 12:36:32'),(42,8,54,'Alias magnam pariatur laborum culpa fugit quas. Esse amet sed eum eum eum architecto repellat. Aut nulla pariatur voluptas molestiae dolores saepe.',0,1,'2019-06-02 08:47:33'),(43,78,88,'Consequatur doloribus incidunt laudantium rerum molestiae. Quisquam consectetur necessitatibus quasi consequatur. Ipsum laboriosam omnis nesciunt possimus laboriosam est.',0,1,'2014-05-14 00:55:37'),(44,39,94,'Provident quaerat esse enim qui consequuntur occaecati tenetur eveniet. Voluptatem eum molestiae veniam consequuntur porro eligendi. Repellendus ipsum enim aut saepe exercitationem consequatur dolorem. Voluptatem praesentium dignissimos illum suscipit quia. Et id nostrum omnis omnis ut.',1,0,'2013-12-25 01:52:16'),(45,62,23,'Laborum quo quas iste aliquam enim ipsum. Est qui distinctio aperiam. Id rerum eos tempora vel. Consequuntur delectus voluptate voluptatem est est.',1,1,'2019-07-20 20:45:01'),(46,62,92,'Consequatur qui ea laboriosam dolores odit. Laboriosam rerum sed dolore consequatur sed sint quidem. Suscipit facilis dolor nihil eaque. Amet quod aut facere expedita. Magnam est placeat libero excepturi.',0,0,'2019-08-26 21:39:26'),(47,10,100,'Fugiat mollitia inventore assumenda quod doloribus dolorum quidem. Et inventore nobis pariatur voluptatum. Quidem perferendis blanditiis voluptatem molestiae quisquam et rem tenetur. Consequatur incidunt aliquid ipsum corrupti porro quisquam.',0,1,'2020-03-06 17:22:08'),(48,23,90,'Nisi neque repellendus nesciunt. Velit reiciendis ut quas veritatis porro maxime est. Asperiores quo atque est at sapiente consequuntur.',1,1,'2021-04-22 19:23:46'),(49,41,40,'Blanditiis debitis maiores laudantium in neque. Eius eum modi animi nulla ipsum adipisci et. Vitae perferendis magni officia aut quis voluptatem. Alias at qui natus placeat.',0,0,'2019-12-07 23:10:31'),(50,88,9,'Qui assumenda voluptates qui accusamus suscipit unde molestiae. Quis magnam ut ea veritatis. Eius recusandae quia fugit explicabo ducimus repellat.',1,0,'2013-05-28 05:12:02'),(51,29,31,'Voluptatem accusamus sit suscipit beatae. Aut molestiae provident ut. Aut quisquam et esse dolore.',0,0,'2020-06-16 01:19:53'),(52,23,26,'Et et sequi harum laborum optio amet officiis. Blanditiis error quis ipsum nemo. Ipsum cupiditate exercitationem dolor fugiat amet et qui voluptate.',1,1,'2021-03-10 23:03:27'),(53,98,100,'Quibusdam alias harum voluptatibus aut fugiat. Id nihil pariatur cum provident amet libero dolor.',0,1,'2019-01-15 04:34:30'),(54,76,67,'Voluptas possimus qui omnis ut aut facere. Delectus doloremque nihil aut eius neque eum. Repellat velit qui tempora aut. Velit omnis suscipit tempore et impedit ipsum enim excepturi.',0,0,'2016-10-23 07:50:12'),(55,81,78,'Recusandae tempore et dolorem laboriosam. Eos nostrum aut odit. Eius possimus facere et ut.',0,0,'2017-12-29 04:01:09'),(56,10,78,'Autem consequuntur suscipit veniam aut omnis autem voluptatem magnam. Ad reprehenderit velit id non numquam quis. Et molestias qui ea animi praesentium voluptatum sed. Sint aliquam necessitatibus sed nihil sint minima.',1,0,'2015-06-28 12:42:05'),(57,80,43,'Ipsum ipsam labore voluptatem placeat aliquid consectetur. Velit dolorem at fugiat qui ab est quaerat.',0,1,'2020-12-13 12:21:40'),(58,52,55,'In praesentium earum molestias libero. Inventore dolores autem incidunt quisquam voluptatem autem dignissimos. Eos officia cum quod soluta.',0,1,'2013-01-10 03:01:56'),(59,39,11,'Sed qui non consequatur vel vero beatae officiis. Ipsum in qui rerum explicabo beatae qui vel sit. Rem sed exercitationem unde in.',1,0,'2019-08-05 02:25:43'),(60,49,75,'Doloribus iusto temporibus quos amet illum labore deleniti ut. Et eaque commodi quidem cumque dolorem. Et explicabo nulla nemo tempore deleniti.',0,0,'2012-07-25 07:08:18'),(61,52,45,'Voluptas fuga quisquam ratione facere laboriosam aut sit. Deserunt soluta facilis inventore officiis vero numquam et iste. Consequuntur ratione voluptatem voluptatem vero consequatur facere. Et rem quod dolores aspernatur unde.',0,0,'2019-12-17 08:54:37'),(62,56,39,'Vitae aspernatur ipsam et et qui et saepe. Alias quis blanditiis explicabo libero eius magni voluptatum. Maiores consectetur placeat explicabo sequi praesentium corporis. Incidunt eaque vel omnis aliquam consequatur tenetur deleniti.',0,1,'2012-02-23 15:27:49'),(63,100,19,'Dolore ex excepturi inventore sunt nobis. Porro et harum libero facilis. Unde amet est tenetur sit qui et natus nam.',1,0,'2014-04-23 00:36:34'),(64,1,33,'Impedit velit quos voluptas enim ea voluptas. Labore veniam quis animi reiciendis accusamus harum occaecati. Dolorum harum error enim qui qui voluptatem et. Alias inventore neque quo saepe blanditiis eos.',0,1,'2017-03-04 02:39:18'),(65,21,14,'Odit sit et rerum debitis in. Est praesentium in perferendis recusandae atque vel repellendus. Laboriosam dolore molestias et dolores officia sit qui accusamus. Incidunt ipsam aspernatur eos quisquam voluptates sint eum natus.',1,0,'2014-10-18 04:51:46'),(66,12,54,'Modi et asperiores consectetur quia beatae quis est. Magni minus illum accusantium quo. Ut qui non non praesentium ea.',0,0,'2017-01-17 18:38:29'),(67,75,11,'Pariatur dignissimos dolores error consequatur et enim aut. Qui consequatur velit dolores incidunt rerum facere. Et ex non eos et.',0,1,'2019-12-28 19:22:58'),(68,59,10,'Dolorum nesciunt corporis itaque id cum. Eligendi minima aliquam eaque rerum ea similique asperiores. Nihil ut quas et animi omnis voluptatum quibusdam.',0,0,'2021-04-05 15:29:27'),(69,91,12,'Et doloribus quo sequi dolorem excepturi. Accusantium assumenda sint sint nihil. Error vero tempora autem facilis. Iure amet in ipsum ut officiis.',0,1,'2020-09-03 04:57:01'),(70,37,85,'Qui dolores mollitia et temporibus. Qui unde ut dolores non. Architecto non voluptas suscipit iste voluptatem. Tenetur omnis totam ipsa totam voluptatem voluptas voluptas.',1,1,'2021-01-19 14:45:16'),(71,37,56,'Distinctio et ad non aperiam. Maxime explicabo quis eligendi. Aliquam veritatis perferendis nihil aperiam ipsum.',0,1,'2015-02-19 22:37:53'),(72,77,79,'Architecto quod repellendus vel consequatur. Expedita tenetur autem ipsam quae et. Est nobis omnis iste consequatur laboriosam.',1,0,'2014-12-13 01:20:21'),(73,87,52,'Quae aspernatur vitae voluptate blanditiis temporibus. Assumenda quasi similique numquam totam cumque accusamus. Quo sit minima asperiores ipsam id quo aut tenetur. Aut harum sequi dignissimos ipsa inventore. Aperiam non cupiditate eos cumque.',1,0,'2018-12-23 04:50:19'),(74,71,59,'Suscipit et quis nam magni libero iure asperiores. Et molestiae praesentium corporis blanditiis laboriosam consequatur quisquam. Est ipsa ipsa veniam itaque libero ratione dolore.',0,1,'2011-12-30 20:06:42'),(75,87,13,'Itaque temporibus omnis aut ut ipsam est quasi non. Omnis qui rerum exercitationem rerum in dolore eum repellat. Eos earum nostrum qui hic soluta reiciendis. Et sunt ipsa voluptas.',0,1,'2013-09-28 17:57:33'),(76,9,37,'Cum cumque qui perspiciatis cumque fugiat. Necessitatibus quae aliquid sed vel similique maxime odit et. Labore praesentium repellat occaecati vel.',1,1,'2012-02-04 04:24:21'),(77,73,18,'Omnis voluptatem reprehenderit vitae quis sint. Nihil aspernatur corporis sit rerum. Id et asperiores velit excepturi.',0,1,'2012-01-11 08:09:41'),(78,1,89,'Voluptatum deserunt architecto veritatis quia veniam. Sit et et sed quis voluptas distinctio. Tenetur facere doloribus natus dolor voluptatum nobis officiis non. Nulla dolores nemo autem amet.',0,1,'2014-08-20 08:09:24'),(79,94,35,'Commodi aut nostrum fuga alias. Ullam nesciunt ullam sed. Nihil vitae sunt est voluptas consequatur.',1,1,'2013-03-30 12:36:34'),(80,15,73,'Omnis pariatur eum ea ducimus quos fugit sequi. Architecto ipsam nostrum sit commodi cum assumenda. Quisquam laborum maxime aspernatur ipsam non temporibus qui.',0,1,'2020-04-07 14:33:15'),(81,89,18,'Hic qui magni nihil quod tenetur nobis. Nesciunt commodi est voluptas et.',1,0,'2018-01-28 05:13:48'),(82,21,11,'Quia omnis quos ut sequi consequatur corrupti explicabo neque. Facere repellendus libero laudantium laborum explicabo quia. Natus tempore accusamus sapiente quos illum voluptas ex laboriosam.',1,0,'2015-08-25 01:47:54'),(83,69,13,'A minus nobis consequatur nobis dicta. Ipsum praesentium voluptatibus facilis qui doloribus eum adipisci. Et atque fugiat ipsum enim quasi vero qui. Et ex illum qui laboriosam voluptatem et iusto.',1,1,'2012-01-25 08:56:50'),(84,28,54,'Amet excepturi nihil earum error sunt hic sed. Culpa ullam rerum doloribus aut eos eum et. Corporis qui at ea tempore in non. Ea beatae unde voluptatibus.',1,1,'2012-08-30 10:46:48'),(85,24,26,'Ipsam non dicta doloremque dolorem sit. Dolores facilis et aliquid reiciendis. Praesentium architecto iusto reiciendis libero.',1,0,'2017-06-01 23:13:36'),(86,32,99,'Consequatur aut ea est. Animi veniam nemo recusandae. Aliquam nihil doloribus ex voluptatem quas corporis.',1,0,'2012-03-07 01:04:41'),(87,56,27,'Laboriosam nostrum quisquam totam corporis. Distinctio exercitationem quaerat voluptatem possimus. Quasi perspiciatis voluptas tempore cumque mollitia hic.',1,1,'2019-11-27 14:38:52'),(88,57,54,'Sed dolores sequi consequatur. Aut excepturi consequatur nulla ut asperiores. Blanditiis aut pariatur aliquid molestias possimus. Nam eum deserunt sint modi molestiae itaque animi reprehenderit.',0,1,'2013-03-17 19:55:27'),(89,21,32,'Ipsa unde nihil perspiciatis ea distinctio. Inventore eaque magnam sunt ipsam repellat dolorum. Nihil et possimus voluptatem molestiae sunt repudiandae alias. Quis quisquam nesciunt pariatur delectus et facere.',0,1,'2019-05-13 20:35:21'),(90,62,51,'Voluptas vitae recusandae sed eos illum. Est amet voluptatem eum consequatur architecto enim repellat sit. Ut sit quia provident sapiente. Ut at velit molestias dolorem sit expedita rerum ab.',1,0,'2019-07-18 07:37:01'),(91,21,95,'Repudiandae sapiente et molestiae vel sequi laudantium corporis. Aliquid quisquam hic aliquam aut voluptate. Minima nesciunt maiores repellendus ut.',1,1,'2014-02-03 01:07:56'),(92,84,10,'Itaque minima consequatur non. Illum vitae quo et in error molestiae. Quidem ipsa non atque incidunt adipisci omnis. Sapiente eos architecto sunt non voluptatum iusto.',0,0,'2014-09-02 02:20:26'),(93,10,25,'Fugiat rem molestias nisi. Optio sed et dicta. Unde quo molestiae ipsa ut quia ut ipsa.',1,0,'2016-03-14 11:17:53'),(94,87,82,'Quidem ut facere consectetur exercitationem consequatur voluptatum. Iure officia autem similique dolore dolores odit. Fuga asperiores possimus neque tempora quibusdam.',1,1,'2012-08-16 19:55:57'),(95,56,76,'Odit quia nobis aliquam doloribus vel. Id id praesentium velit nihil adipisci et repellat. Temporibus id officiis earum consequatur aut unde dolorem. Tempora rem voluptas et earum est nisi officiis doloribus.',0,0,'2021-02-12 04:47:22'),(96,46,25,'Ratione ad omnis consequuntur et velit. Animi eveniet aut ratione. At deserunt unde distinctio quis qui nostrum autem quo. Consequatur nobis ex aut est aut. Sunt aperiam sit et sint dolores.',0,0,'2014-07-16 03:14:24'),(97,27,2,'Non architecto minus ipsum repudiandae consequatur laudantium laudantium. Sint quibusdam sed excepturi aspernatur sit. Aut dolores numquam qui facilis sit quasi.',0,1,'2014-10-02 12:25:32'),(98,68,71,'Velit quod suscipit tempora quas neque error molestiae aliquam. Consequatur saepe impedit qui sed excepturi esse. Ipsa itaque est ratione inventore fugit quidem sequi.',1,0,'2011-07-26 05:23:02'),(99,74,45,'Qui mollitia molestiae voluptatem autem libero asperiores ipsam. Eligendi consequatur nesciunt esse voluptas ipsum voluptate ratione. Harum distinctio ut totam enim. Dolores sapiente et voluptate modi quia sequi.',1,1,'2020-08-18 01:40:37'),(100,81,1,'Voluptate molestias minima aliquam iusto. Et delectus ad minima et. Placeat occaecati dolore repellat iste qui. Quisquam modi vel dicta pariatur ad vitae iusto.',1,0,'2017-07-18 14:36:41');
/*!40000 ALTER TABLE `messages` ENABLE KEYS */;
UNLOCK TABLES;

--
-- Table structure for table `profiles`
--

DROP TABLE IF EXISTS `profiles`;
/*!40101 SET @saved_cs_client     = @@character_set_client */;
/*!50503 SET character_set_client = utf8mb4 */;
CREATE TABLE `profiles` (
  `user_id` int unsigned NOT NULL COMMENT '╨б╤Б╤Л╨╗╨║╨░ ╨╜╨░ ╨┐╨╛╨╗╤М╨╖╨╛╨▓╨░╤В╨╡╨╗╤П',
  `gender` enum('F','M') COLLATE utf8mb4_unicode_ci DEFAULT NULL,
  `birthday` date DEFAULT NULL COMMENT '╨Ф╨░╤В╨░ ╤А╨╛╨╢╨┤╨╡╨╜╨╕╤П',
  `city` varchar(130) CHARACTER SET utf8mb4 COLLATE utf8mb4_unicode_ci DEFAULT NULL COMMENT '╨У╨╛╤А╨╛╨┤ ╨┐╤А╨╛╨╢╨╕╨▓╨░╨╜╨╕╤П',
  `country` varchar(130) CHARACTER SET utf8mb4 COLLATE utf8mb4_unicode_ci DEFAULT NULL COMMENT '╨б╤В╤А╨░╨╜╨░ ╨┐╤А╨╛╨╢╨╕╨▓╨░╨╜╨╕╤П',
  `created_at` datetime DEFAULT CURRENT_TIMESTAMP COMMENT '╨Т╤А╨╡╨╝╤П ╤Б╨╛╨╖╨┤╨░╨╜╨╕╤П ╤Б╤В╤А╨╛╨║╨╕',
  `updated_at` datetime DEFAULT CURRENT_TIMESTAMP ON UPDATE CURRENT_TIMESTAMP COMMENT '╨Т╤А╨╡╨╝╤П ╨╛╨▒╨╜╨╛╨▓╨╗╨╡╨╜╨╕╤П ╤Б╤В╤А╨╛╨║╨╕',
  PRIMARY KEY (`user_id`)
) ENGINE=InnoDB DEFAULT CHARSET=utf8mb4 COLLATE=utf8mb4_unicode_ci COMMENT='╨Я╤А╨╛╤Д╨╕╨╗╨╕';
/*!40101 SET character_set_client = @saved_cs_client */;

--
-- Dumping data for table `profiles`
--

LOCK TABLES `profiles` WRITE;
/*!40000 ALTER TABLE `profiles` DISABLE KEYS */;
INSERT INTO `profiles` VALUES (1,'F','2014-03-03','West Clementinastad','Marshall Islands','2016-07-08 17:53:54','2018-04-17 12:28:56'),(2,'F','2014-12-07','Lake Jackson','Cape Verde','2018-07-03 07:21:49','2021-04-27 11:29:50'),(3,'F','2018-07-10','Port Andrew','Gibraltar','2013-06-26 20:21:22','2016-06-19 07:19:51'),(4,'F','2014-09-01','West Karlee','Ethiopia','2011-12-16 05:58:31','2012-07-12 07:09:35'),(5,'F','2013-08-08','Jastland','Korea','2013-01-07 20:41:56','2017-02-20 20:55:21'),(6,'F','2016-11-16','Hegmannstad','Burundi','2014-09-08 07:46:26','2015-10-10 22:09:20'),(7,'M','2018-12-05','Hailietown','Algeria','2011-06-10 14:20:07','2017-02-10 03:50:38'),(8,'M','2011-10-07','Hershelborough','Guatemala','2014-11-09 14:08:36','2017-07-10 17:39:42'),(9,'M','2017-07-15','Coleborough','Albania','2018-09-09 17:41:51','2021-04-27 11:29:50'),(10,'M','2018-12-24','Port Baileymouth','Puerto Rico','2012-10-19 20:01:25','2018-02-01 21:51:04'),(11,'F','2014-05-14','North Lincoln','Togo','2017-09-19 06:17:31','2020-12-22 05:08:14'),(12,'M','2020-12-17','South Maddison','Jordan','2018-03-24 14:13:10','2021-04-27 11:29:50'),(13,'M','2020-11-03','New Ruthiestad','Panama','2019-10-08 11:52:00','2021-04-27 11:29:50'),(14,'M','2020-07-20','West Eliezer','Egypt','2019-09-01 07:55:19','2021-04-27 11:29:50'),(15,'M','2016-09-08','West Michael','United States Virgin Islands','2013-03-03 08:09:34','2021-04-27 11:29:50'),(16,'F','2017-10-08','West Bridgette','Estonia','2017-06-09 23:43:39','2021-04-27 11:29:50'),(17,'M','2020-05-03','South Shyannfort','Armenia','2013-07-15 15:06:37','2019-01-19 15:36:25'),(18,'F','2021-02-06','Frankietown','Swaziland','2018-05-31 21:12:15','2021-04-27 11:29:50'),(19,'M','2018-01-25','West Olga','Lebanon','2017-03-23 08:52:49','2021-04-27 11:29:50'),(20,'F','2018-10-01','Denesikland','New Zealand','2012-06-12 08:30:27','2016-04-18 22:28:37'),(21,'M','2019-12-08','Lynchchester','Netherlands','2017-11-02 00:03:44','2021-04-27 11:29:50'),(22,'M','2017-01-04','Thielland','Portugal','2018-11-17 14:51:37','2021-04-27 11:29:50'),(23,'M','2020-01-27','North Jeramy','Luxembourg','2016-05-28 03:46:39','2021-04-27 11:29:50'),(24,'M','2012-05-23','West Charlene','Lebanon','2012-04-18 08:29:56','2019-08-20 11:55:59'),(25,'M','2013-05-11','East Lillie','Tuvalu','2011-10-27 17:23:12','2021-03-20 19:22:06'),(26,'F','2018-01-04','Mosciskihaven','Tuvalu','2015-06-30 20:42:56','2020-11-19 04:41:52'),(27,'M','2014-08-05','South Amiyahaven','El Salvador','2016-10-23 03:09:31','2017-12-20 17:59:39'),(28,'F','2013-09-21','New Dameon','Vanuatu','2017-11-23 10:14:54','2021-04-27 11:29:50'),(29,'F','2017-05-06','South Tiana','Myanmar','2019-12-04 23:37:03','2021-04-27 11:29:50'),(30,'F','2015-08-03','West Eldred','Congo','2015-04-12 06:49:20','2015-07-06 05:02:47'),(31,'F','2014-03-24','Schultzville','Korea','2020-07-28 15:34:19','2021-04-27 11:29:50'),(32,'F','2021-01-24','Haneton','Mozambique','2014-12-18 01:53:28','2018-09-27 22:35:06'),(33,'M','2014-07-10','Claudefurt','Guinea-Bissau','2013-01-23 10:28:58','2020-05-04 07:50:21'),(34,'F','2012-01-12','Markusmouth','Svalbard & Jan Mayen Islands','2015-10-24 23:45:26','2018-04-18 02:22:06'),(35,'M','2019-09-04','Zoeymouth','French Southern Territories','2016-10-23 14:02:46','2020-02-14 12:38:43'),(36,'F','2019-09-19','Wolfffort','Saint Barthelemy','2018-12-27 14:59:09','2021-04-27 11:29:50'),(37,'F','2013-09-21','Olsonstad','Bhutan','2014-01-07 23:59:44','2021-04-27 11:29:50'),(38,'M','2012-06-17','Brendenmouth','Tokelau','2019-02-16 17:52:04','2021-04-27 11:29:50'),(39,'M','2012-11-06','Port Krystina','Puerto Rico','2016-01-15 21:23:46','2020-07-22 13:22:31'),(40,'M','2012-05-20','New Cortney','Swaziland','2016-03-13 13:30:18','2016-11-24 19:30:04'),(41,'M','2019-11-02','West Lomatown','Gambia','2018-09-20 16:41:36','2021-04-27 11:29:50'),(42,'F','2019-11-19','Colbyshire','Greece','2012-01-09 02:18:26','2012-05-04 04:04:47'),(43,'F','2017-06-23','West Henriette','French Southern Territories','2012-03-23 01:04:14','2015-05-14 05:29:58'),(44,'M','2011-05-11','Koepptown','Myanmar','2021-02-24 20:39:29','2021-04-27 11:29:50'),(45,'M','2018-02-19','Friesenbury','Morocco','2012-02-02 17:39:14','2015-02-23 22:45:24'),(46,'M','2014-07-24','North Misael','San Marino','2018-03-24 20:06:56','2021-04-27 11:29:50'),(47,'M','2020-03-03','Hauckmouth','Brunei Darussalam','2021-01-07 05:42:08','2021-04-27 11:29:50'),(48,'F','2015-12-02','Lake Celestinoshire','Djibouti','2015-06-20 00:07:54','2021-04-27 11:29:50'),(49,'F','2011-06-16','East Erinport','Haiti','2021-02-21 17:29:34','2021-04-27 11:29:50'),(50,'M','2016-05-12','East Lura','Netherlands','2017-06-06 02:34:21','2021-04-27 11:29:50'),(51,'M','2020-05-27','South Morganville','Gibraltar','2017-06-22 12:53:25','2021-04-27 11:29:50'),(52,'F','2019-05-29','Lake Leonorachester','Moldova','2019-07-28 04:32:13','2021-04-27 11:29:50'),(53,'F','2015-07-29','Port Willow','Botswana','2017-03-04 18:25:34','2018-07-29 15:50:31'),(54,'M','2015-12-18','Zboncakhaven','Monaco','2015-06-05 05:54:52','2016-10-28 03:31:38'),(55,'F','2016-09-08','Clotildeton','Guyana','2020-04-15 17:26:51','2021-04-27 11:29:50'),(56,'M','2013-04-18','Port Amandafurt','British Indian Ocean Territory (Chagos Archipelago)','2018-09-03 03:11:20','2019-11-16 11:30:34'),(57,'F','2019-02-10','Lindstad','Kazakhstan','2019-01-27 08:08:17','2021-04-27 11:29:50'),(58,'M','2012-07-14','East Valentine','Tunisia','2011-05-22 11:06:53','2016-06-10 16:40:13'),(59,'F','2019-05-18','Skileshaven','Macao','2017-03-23 06:41:18','2021-04-27 11:29:50'),(60,'F','2020-07-22','North Charity','Zambia','2019-11-03 19:28:24','2021-04-27 11:29:50'),(61,'M','2011-12-27','Lake George','Algeria','2013-02-10 07:32:00','2013-04-24 05:32:37'),(62,'M','2012-08-30','Larkinburgh','Ethiopia','2019-11-28 21:54:33','2021-04-27 11:29:50'),(63,'M','2015-01-20','East Zolashire','Iraq','2015-03-09 03:45:00','2021-04-11 08:39:08'),(64,'F','2016-07-30','New Montana','Saint Pierre and Miquelon','2011-09-22 20:16:14','2016-06-14 19:49:40'),(65,'M','2014-01-08','Yeseniaville','United Arab Emirates','2016-06-01 07:44:41','2020-12-13 00:40:03'),(66,'M','2013-03-14','Macejkovichaven','Denmark','2016-11-11 15:19:00','2019-01-26 08:33:37'),(67,'F','2013-12-11','New Laneton','Tokelau','2014-01-16 08:45:59','2014-10-08 13:21:29'),(68,'M','2013-03-14','Lake Doylemouth','Tokelau','2018-06-21 23:31:15','2021-04-27 11:29:50'),(69,'F','2016-06-30','Keonfurt','Kyrgyz Republic','2015-09-29 13:17:36','2021-04-27 11:29:50'),(70,'F','2016-12-20','West Julianneborough','Anguilla','2020-02-27 11:31:34','2021-04-27 11:29:50'),(71,'F','2015-12-26','Alfredburgh','Western Sahara','2018-07-15 02:57:40','2018-11-13 01:46:12'),(72,'M','2013-07-09','Maryfort','Dominican Republic','2015-07-08 14:25:52','2021-04-27 11:29:50'),(73,'M','2011-08-27','North Joannie','Greenland','2017-03-28 14:45:48','2020-01-04 15:54:32'),(74,'F','2017-06-29','Lake Theodore','Burundi','2011-06-20 10:47:03','2018-03-07 16:36:39'),(75,'F','2021-04-21','Port Luciemouth','Czech Republic','2012-10-19 12:54:22','2017-01-09 07:47:11'),(76,'M','2012-02-13','New Ardith','Finland','2019-09-05 23:11:04','2021-04-27 11:29:50'),(77,'F','2016-06-23','Clairbury','India','2013-09-16 12:33:50','2021-04-27 11:29:50'),(78,'M','2014-07-23','Kaylinfort','Sudan','2011-08-27 15:06:34','2019-05-16 16:48:10'),(79,'M','2011-09-28','Drakemouth','Montserrat','2017-02-11 08:43:33','2021-04-27 11:29:50'),(80,'F','2020-12-29','Moenshire','Christmas Island','2015-11-18 07:35:14','2021-04-27 11:29:50'),(81,'F','2011-09-17','Port Darrickfurt','Holy See (Vatican City State)','2015-09-06 03:38:03','2021-04-27 11:29:50'),(82,'M','2013-03-03','Lake Lurline','Mozambique','2018-05-31 07:27:54','2019-12-13 03:54:36'),(83,'F','2017-07-25','Vandervortborough','Saint Martin','2012-02-06 12:37:13','2014-01-30 12:06:37'),(84,'M','2019-02-21','West Aliviaside','New Caledonia','2013-05-28 17:15:21','2015-08-09 06:35:43'),(85,'F','2017-07-22','Raphaelleview','Russian Federation','2013-09-02 17:17:39','2020-11-23 23:08:35'),(86,'F','2012-04-13','New Palmatown','Palau','2020-12-09 08:56:59','2021-04-27 11:29:50'),(87,'F','2018-03-15','Powlowskiborough','Central African Republic','2016-01-29 21:41:24','2017-10-05 01:03:54'),(88,'F','2016-07-31','Lake Zitaside','Switzerland','2020-06-02 22:14:35','2021-04-27 11:29:50'),(89,'F','2020-01-11','Anyahaven','United States Virgin Islands','2021-01-11 02:03:39','2021-04-27 11:29:50'),(90,'M','2013-04-29','Kylaland','Bahrain','2015-12-06 09:44:06','2016-09-28 23:23:19'),(91,'F','2017-05-12','Mayerstad','Italy','2011-08-11 17:19:42','2012-01-08 17:27:06'),(92,'F','2011-10-19','East Jayde','Western Sahara','2019-06-14 05:25:42','2021-04-27 11:29:50'),(93,'F','2012-11-05','Auerview','Ireland','2019-11-17 08:41:40','2021-04-27 11:29:50'),(94,'F','2011-06-18','Lindchester','Hong Kong','2021-02-22 22:55:41','2021-04-27 11:29:50'),(95,'F','2019-06-17','Rayview','Brunei Darussalam','2014-12-17 11:15:16','2019-02-19 05:27:21'),(96,'M','2019-08-23','South Merle','Cuba','2020-06-06 10:17:32','2021-04-27 11:29:50'),(97,'F','2019-04-25','South Carmella','Luxembourg','2020-09-08 13:39:19','2021-04-27 11:29:50'),(98,'F','2015-02-18','New Isobel','Pakistan','2014-08-23 23:26:43','2018-09-10 14:36:08'),(99,'M','2014-04-05','Adrainberg','Aruba','2014-01-08 03:31:45','2018-08-30 22:29:18'),(100,'M','2015-08-27','North Buddyborough','Slovakia (Slovak Republic)','2019-10-14 16:50:15','2020-05-22 05:20:12');
/*!40000 ALTER TABLE `profiles` ENABLE KEYS */;
UNLOCK TABLES;

--
-- Table structure for table `users`
--

DROP TABLE IF EXISTS `users`;
/*!40101 SET @saved_cs_client     = @@character_set_client */;
/*!50503 SET character_set_client = utf8mb4 */;
CREATE TABLE `users` (
  `id` int unsigned NOT NULL AUTO_INCREMENT COMMENT '╨Ш╨┤╨╡╨╜╤В╨╕╤Д╨╕╨║╨░╤В╨╛╤А ╤Б╤В╤А╨╛╨║╨╕',
  `first_name` varchar(100) CHARACTER SET utf8mb4 COLLATE utf8mb4_unicode_ci NOT NULL COMMENT '╨Ш╨╝╤П ╨┐╨╛╨╗╤М╨╖╨╛╨▓╨░╤В╨╡╨╗╤П',
  `last_name` varchar(100) CHARACTER SET utf8mb4 COLLATE utf8mb4_unicode_ci NOT NULL COMMENT '╨д╨░╨╝╨╕╨╗╨╕╤П ╨┐╨╛╨╗╤М╨╖╨╛╨▓╨░╤В╨╡╨╗╤П',
  `email` varchar(100) CHARACTER SET utf8mb4 COLLATE utf8mb4_unicode_ci NOT NULL COMMENT '╨Я╨╛╤З╤В╨░',
  `phone` varchar(100) CHARACTER SET utf8mb4 COLLATE utf8mb4_unicode_ci NOT NULL COMMENT '╨в╨╡╨╗╨╡╤Д╨╛╨╜',
  `created_at` datetime DEFAULT CURRENT_TIMESTAMP COMMENT '╨Т╤А╨╡╨╝╤П ╤Б╨╛╨╖╨┤╨░╨╜╨╕╤П ╤Б╤В╤А╨╛╨║╨╕',
  `updated_at` datetime DEFAULT CURRENT_TIMESTAMP ON UPDATE CURRENT_TIMESTAMP COMMENT '╨Т╤А╨╡╨╝╤П ╨╛╨▒╨╜╨╛╨▓╨╗╨╡╨╜╨╕╤П ╤Б╤В╤А╨╛╨║╨╕',
  PRIMARY KEY (`id`),
  UNIQUE KEY `email` (`email`),
  UNIQUE KEY `phone` (`phone`)
) ENGINE=InnoDB AUTO_INCREMENT=101 DEFAULT CHARSET=utf8mb4 COLLATE=utf8mb4_unicode_ci COMMENT='╨Я╨╛╨╗╤М╨╖╨╛╨▓╨░╤В╨╡╨╗╨╕';
/*!40101 SET character_set_client = @saved_cs_client */;

--
-- Dumping data for table `users`
--

LOCK TABLES `users` WRITE;
/*!40000 ALTER TABLE `users` DISABLE KEYS */;
INSERT INTO `users` VALUES (1,'Agustina','DuBuque','qullrich@example.com','+20(6)1319382335','2021-01-06 17:31:58','2021-04-27 11:27:09'),(2,'Rusty','Orn','parker.matilde@example.net','401-704-2898x66391','2015-10-20 05:41:50','2021-04-27 11:27:09'),(3,'Katlynn','Abernathy','hermiston.amelie@example.com','04057702490','2019-02-18 16:55:32','2019-09-03 14:43:23'),(4,'Laron','Hand','yvette.kling@example.org','+79(0)7791873877','2018-10-22 00:58:32','2021-04-27 11:27:09'),(5,'Antonetta','Klein','lou.ortiz@example.org','+69(8)4686735563','2019-04-20 20:40:05','2021-04-27 11:27:09'),(6,'Cecilia','Muller','ankunding.jeremy@example.com','344-783-1446x79850','2019-04-28 12:36:42','2020-08-27 11:52:22'),(7,'Filiberto','Koelpin','erdman.barrett@example.net','1-284-460-2767x7961','2014-06-13 22:10:02','2015-04-30 23:52:43'),(8,'Alene','Koss','elaina96@example.net','428.848.1757x1420','2020-12-31 20:52:14','2021-04-27 11:27:09'),(9,'Enrico','Harvey','dortiz@example.org','1-476-830-5418x061','2020-04-18 08:58:04','2021-04-27 11:27:09'),(10,'Nicola','Jenkins','nickolas.walsh@example.com','1-363-130-0361','2020-01-20 07:01:16','2021-04-27 11:27:09'),(11,'Fanny','Fadel','guy72@example.com','621.548.1704','2017-07-11 14:01:30','2021-04-27 11:27:09'),(12,'Era','O\'Reilly','osinski.alphonso@example.net','187.110.0989x450','2015-09-03 05:26:43','2021-04-27 11:27:09'),(13,'Pinkie','Hintz','aditya.rosenbaum@example.net','(179)263-4889x1716','2012-07-30 12:50:17','2012-12-08 00:19:36'),(14,'Burnice','O\'Hara','zwelch@example.net','(349)318-5448x553','2012-03-18 15:18:43','2020-03-03 07:25:03'),(15,'Kaya','O\'Kon','hoeger.cletus@example.com','1-738-151-2017x3085','2013-11-03 04:00:47','2021-02-08 08:59:11'),(16,'Tess','Terry','dschroeder@example.com','(900)852-8887x4173','2012-05-05 14:18:22','2019-12-14 13:35:19'),(17,'Gudrun','Bruen','barrows.leilani@example.org','1-778-333-7795x54234','2019-01-23 01:56:10','2021-03-06 07:23:47'),(18,'Camille','Hudson','hilpert.chester@example.net','771.057.8659x09138','2011-11-26 10:50:52','2018-02-14 20:34:12'),(19,'Jasen','Breitenberg','malcolm.wilkinson@example.com','1-787-392-9458x782','2015-06-17 15:04:55','2021-04-27 11:27:09'),(20,'Angelo','Stroman','feest.terrance@example.org','647.752.2053x812','2017-06-29 04:15:05','2021-04-27 11:27:09'),(21,'Alexys','Miller','juliet.howe@example.com','(803)408-8146x59448','2014-04-05 05:58:16','2020-09-12 07:14:28'),(22,'Laurie','King','kyla15@example.net','732-691-8779x11426','2020-06-20 11:40:46','2021-04-27 11:27:09'),(23,'Gerhard','Wuckert','jones.melvina@example.org','+07(6)1352630533','2017-07-26 14:13:01','2021-04-27 11:27:09'),(24,'Lou','Volkman','floy50@example.org','981.237.2267','2020-02-24 09:02:05','2021-04-27 11:27:09'),(25,'Deven','Wisozk','muriel.miller@example.org','246.513.2214x0288','2020-12-06 15:43:59','2021-04-27 11:27:09'),(26,'Deshawn','Gleason','gerson37@example.org','(166)248-7752','2019-08-05 18:21:05','2021-04-27 11:27:09'),(27,'Loyal','Dickinson','alexie12@example.org','1-273-411-1505x79433','2016-10-15 07:56:41','2021-04-27 11:27:09'),(28,'Cole','Kemmer','stefan71@example.com','(033)798-7327','2016-06-07 15:06:01','2017-08-02 11:25:39'),(29,'Destiny','Baumbach','koch.carlee@example.net','(950)015-5856x127','2014-10-05 11:10:54','2019-12-25 10:17:51'),(30,'Germaine','Huel','ritchie.concepcion@example.com','1-178-759-6333x681','2016-10-28 12:18:02','2017-12-18 11:21:02'),(31,'Michael','Wiza','hauck.verla@example.org','151-706-1837x58019','2017-02-01 16:50:11','2021-04-27 11:27:09'),(32,'Yasmeen','Mann','harris.cecile@example.net','1-075-919-9414','2013-10-07 19:18:16','2015-08-15 00:39:05'),(33,'Luz','Bogan','deven47@example.org','1-775-947-6307x1836','2017-07-10 18:54:52','2021-04-27 11:27:09'),(34,'Kameron','Cole','glennie.ledner@example.com','666-252-7552','2015-05-12 05:30:32','2020-01-13 07:45:18'),(35,'Lucienne','Weimann','blair.strosin@example.org','1-059-146-0805x739','2012-03-18 14:58:51','2015-06-30 20:00:13'),(36,'Arlene','Treutel','kobe.pfannerstill@example.org','(067)981-3238x06937','2015-11-12 19:39:12','2016-08-21 17:43:48'),(37,'Ramon','O\'Reilly','lon.maggio@example.net','+80(5)3759335171','2014-12-22 13:03:44','2016-06-02 19:07:38'),(38,'Isabel','Marks','bruce.morissette@example.org','06458703329','2016-06-29 09:04:25','2021-04-27 11:27:09'),(39,'Precious','Paucek','ugoyette@example.com','+75(4)4163558871','2015-01-18 16:48:55','2021-04-27 11:27:09'),(40,'Beatrice','Halvorson','dean.kutch@example.com','1-933-136-8466x209','2012-12-14 15:44:30','2021-04-27 11:27:09'),(41,'Keara','Luettgen','taya40@example.com','+43(6)2675992086','2015-01-08 07:51:23','2016-11-30 18:15:53'),(42,'Torey','Kiehn','cecelia.reynolds@example.com','(299)729-2178x72455','2011-10-09 12:21:13','2017-02-12 21:52:22'),(43,'Amiya','McClure','wschinner@example.com','108.735.9385x8221','2014-07-19 14:47:17','2014-11-10 19:40:30'),(44,'Edmond','McCullough','vito.collins@example.org','+64(3)2526785788','2017-10-29 01:27:00','2021-04-27 11:27:09'),(45,'Sylvia','Larson','jazlyn50@example.com','(988)719-8204','2012-09-08 12:19:45','2016-02-10 22:58:49'),(46,'Eldred','Kautzer','odell53@example.org','00623957411','2019-03-29 20:33:21','2021-04-27 11:27:09'),(47,'Isabelle','Kemmer','malika.pacocha@example.com','722.127.5021','2013-07-20 09:10:38','2015-09-05 06:47:37'),(48,'Amos','Walsh','tyler.muller@example.org','129.234.7824','2017-09-18 16:33:42','2018-11-15 18:05:54'),(49,'Chanel','Moen','dmohr@example.org','(011)703-9908','2013-10-23 12:21:12','2017-06-23 08:42:39'),(50,'Dion','Zieme','west.eladio@example.org','+66(2)9221379325','2013-12-24 17:45:12','2020-03-31 11:15:45'),(51,'Jade','Turner','felipa.johnson@example.com','1-200-914-3717x390','2011-12-20 22:27:13','2021-04-27 11:27:09'),(52,'Joe','Hintz','mjohnston@example.net','575.614.3771','2014-02-12 21:41:13','2021-04-27 11:27:09'),(53,'Ansel','Friesen','wolff.ike@example.com','1-255-843-9263x324','2015-09-20 04:57:26','2021-04-27 11:27:09'),(54,'Cristal','Kuphal','noemi46@example.com','836-373-1755x68291','2017-10-09 09:37:10','2021-04-27 11:27:09'),(55,'Matt','Becker','otillman@example.com','994-348-3890x831','2020-01-27 20:44:03','2021-04-27 11:27:09'),(56,'Carleton','DuBuque','nathanael.collier@example.org','699-815-1321x933','2016-02-08 11:23:14','2016-04-21 06:41:50'),(57,'Kayley','Becker','dstracke@example.org','593.289.7307','2019-01-15 12:17:11','2020-07-08 15:51:35'),(58,'Conner','Sawayn','connelly.scarlett@example.com','284-076-3265x95225','2018-03-12 11:36:06','2019-08-25 02:16:43'),(59,'Newton','Schiller','oshields@example.com','(580)781-6112x20551','2020-07-26 22:21:04','2021-04-27 11:27:09'),(60,'Grant','Hamill','wayne94@example.net','07611569418','2017-01-31 03:42:03','2021-04-27 11:27:09'),(61,'Ena','Will','halle.kerluke@example.org','067-100-9424x04535','2012-07-14 09:32:32','2018-08-06 20:23:01'),(62,'Bridgette','Ortiz','bahringer.nils@example.net','+64(0)8880917763','2016-09-01 08:37:54','2020-05-15 07:21:44'),(63,'Ariel','Tillman','lueilwitz.dayna@example.org','037.318.4666x6097','2020-01-26 09:18:16','2021-04-27 11:27:09'),(64,'Cecelia','Nader','bogisich.obie@example.net','1-311-362-7413x325','2015-09-07 16:49:45','2021-04-27 11:27:09'),(65,'Gwen','Bartoletti','adeline77@example.org','892-669-9595x30905','2014-08-03 03:36:27','2021-04-27 11:27:09'),(66,'Dorothy','Lemke','gerlach.reyes@example.net','04120049940','2012-09-19 18:58:45','2016-11-16 18:37:23'),(67,'Delia','Konopelski','beahan.novella@example.net','(079)018-0734x824','2020-09-09 23:27:16','2021-04-27 11:27:09'),(68,'Dewitt','Torphy','olin.jast@example.com','157-021-7931x3417','2021-01-31 05:13:02','2021-04-27 11:27:09'),(69,'Trever','Pollich','raynor.adalberto@example.org','09187013037','2019-11-24 00:10:02','2021-04-27 11:27:09'),(70,'Gloria','O\'Keefe','avis.conn@example.com','(066)797-3956x742','2015-10-10 01:10:50','2019-07-29 00:30:00'),(71,'Consuelo','Schiller','franecki.autumn@example.org','(244)375-4322x18138','2011-10-10 15:56:53','2018-12-29 10:35:38'),(72,'Dorothy','Emard','lehner.luna@example.net','1-419-051-7868x9238','2014-04-29 20:48:33','2015-07-15 07:38:48'),(73,'Nicholas','Walter','vprosacco@example.net','(400)122-8785x629','2020-10-25 05:08:33','2021-04-27 11:27:09'),(74,'Elena','Johnson','forest.beatty@example.net','467-318-3670','2017-05-19 02:31:28','2018-10-13 21:09:34'),(75,'Leatha','Eichmann','murazik.rosalyn@example.com','1-035-633-8947x175','2015-02-28 10:22:45','2018-10-02 14:37:07'),(76,'Linnie','Armstrong','romaguera.casimir@example.org','+24(2)8148280277','2019-11-09 18:08:50','2021-04-27 11:27:09'),(77,'Willard','Swaniawski','rickey11@example.net','1-709-614-0973x9030','2018-08-08 00:21:16','2021-04-27 11:27:09'),(78,'Giovanni','Wuckert','pasquale.witting@example.org','(447)248-4639x89034','2016-04-23 21:17:48','2019-07-22 16:08:01'),(79,'Ethel','Kuhn','enid.lemke@example.com','488.161.6372x6593','2013-09-05 06:18:10','2021-04-27 11:27:09'),(80,'Gabriel','Morar','malcolm30@example.net','960-163-7046x08746','2017-09-02 20:49:30','2018-01-16 05:05:47'),(81,'Leo','Morissette','mfarrell@example.com','611.850.9137x2679','2018-04-20 15:04:58','2021-04-27 11:27:09'),(82,'Grant','Schmidt','lueilwitz.frida@example.net','(434)938-6144x1440','2016-08-07 11:09:44','2021-04-27 11:27:09'),(83,'Marion','Collier','albertha91@example.com','233.070.0988x89681','2020-06-21 10:51:15','2021-04-27 11:27:09'),(84,'Justine','Bayer','trey.crooks@example.org','975-003-1020x5897','2019-03-03 23:49:44','2020-09-18 06:58:24'),(85,'Buford','Braun','savion83@example.org','09124752583','2012-09-10 11:46:07','2016-10-24 10:16:55'),(86,'Reymundo','Rolfson','hailey.torphy@example.com','1-884-200-9994x7764','2014-07-30 07:09:39','2019-06-02 06:30:07'),(87,'Lue','Leannon','audie.rohan@example.com','1-072-289-1204','2018-03-18 22:14:37','2019-07-27 02:18:02'),(88,'Henry','Cronin','reanna74@example.net','02181870014','2012-07-28 12:16:39','2016-11-16 18:59:28'),(89,'Daisha','Greenfelder','hope.mitchell@example.org','972-371-1508x221','2014-02-08 15:24:26','2021-04-27 11:27:09'),(90,'Lavonne','Graham','trever.russel@example.net','717-751-2771x2638','2020-08-10 15:20:46','2021-04-27 11:27:09'),(91,'Cleveland','Conn','juvenal86@example.org','+35(7)9971360379','2020-02-02 01:46:56','2021-04-27 11:27:09'),(92,'Tyrique','Thiel','flavie.yundt@example.com','(874)891-5198x202','2013-10-08 05:59:03','2021-04-27 11:27:09'),(93,'Breana','Metz','jana55@example.net','(162)949-4326x63246','2020-06-22 02:39:36','2021-04-27 11:27:09'),(94,'Jazmyn','Jacobson','dmurphy@example.org','08749655765','2012-08-20 22:30:08','2015-09-02 01:46:55'),(95,'Casey','Thiel','everette99@example.org','+89(4)4415666860','2018-04-03 07:21:58','2021-04-27 11:27:09'),(96,'Lempi','Jacobs','kutch.lorenz@example.net','+39(4)9988420207','2017-01-16 23:04:53','2020-05-30 03:15:55'),(97,'Marques','Blick','alisa.hyatt@example.com','1-483-673-8072','2017-07-10 21:50:39','2020-07-25 10:21:16'),(98,'Davon','Beatty','viviane65@example.net','(916)429-5428','2015-09-09 09:26:49','2019-04-01 02:24:42'),(99,'Keaton','Tillman','hannah.o\'connell@example.com','(323)949-3844','2016-01-25 03:17:13','2021-04-27 11:27:09'),(100,'Jadon','Schmidt','ena.gleichner@example.net','1-543-858-0178x548','2020-10-31 15:57:02','2021-04-27 11:27:09');
/*!40000 ALTER TABLE `users` ENABLE KEYS */;
UNLOCK TABLES;
/*!40103 SET TIME_ZONE=@OLD_TIME_ZONE */;

/*!40101 SET SQL_MODE=@OLD_SQL_MODE */;
/*!40014 SET FOREIGN_KEY_CHECKS=@OLD_FOREIGN_KEY_CHECKS */;
/*!40014 SET UNIQUE_CHECKS=@OLD_UNIQUE_CHECKS */;
/*!40101 SET CHARACTER_SET_CLIENT=@OLD_CHARACTER_SET_CLIENT */;
/*!40101 SET CHARACTER_SET_RESULTS=@OLD_CHARACTER_SET_RESULTS */;
/*!40101 SET COLLATION_CONNECTION=@OLD_COLLATION_CONNECTION */;
/*!40111 SET SQL_NOTES=@OLD_SQL_NOTES */;

-- Dump completed on 2021-04-27 13:32:40
